,lat,lon,Rt_ssp5
0,-68.72935891380267,-56.45903949785817,4.135185542000137
1,-68.71279327595431,-56.503923706162375,4.135185542000137
2,-68.71265737527374,-56.521891870266195,4.135185542000137
3,-68.6964039779966,-56.52185322621331,4.135185542000137
4,-27.562464737767062,-56.274938273464514,3.6840314986403864
5,-27.578748336151747,-56.28384794189366,3.6840314986403864
6,-27.562596624644705,-56.28392237571942,3.6840314986403864
7,-27.546444837464676,-56.28399470297138,3.6840314986403864
8,-27.595039508370732,-56.292755439454,3.6840314986403864
9,-27.578884086736185,-56.29283200568292,3.6840314986403864
10,-27.54657301192183,-56.29297881632784,3.54953665975557
11,-27.530417363089235,-56.293049060701776,3.6840314986403864
12,-27.59517912700734,-56.30173946404391,3.6840314986403864
13,-27.546701259938054,-56.30196291637089,3.54953665975557
14,-27.59531882578696,-56.31072347528665,3.6840314986403864
15,-27.57915582168543,-56.31080009325322,3.6840314986403864
16,-27.562992739554577,-56.3108746025322,3.6840314986403864
17,-27.54682958157141,-56.3109470031022,3.54953665975557
18,-27.563124929482758,-56.319858651491025,3.6840314986403864
19,-27.16044419721419,-56.68040352567466,3.54953665975557
20,-27.176808035478132,-56.689365336488116,3.54953665975557
21,-27.160482400776697,-56.68938743539699,3.54953665975557
22,-27.14415674393812,-56.68940739503821,3.54953665975557
23,-27.193179648662994,-56.6983249792338,3.54953665975557
24,-27.176850149773962,-56.6983492256398,3.54953665975557
25,-27.144191081023926,-56.69839129848099,3.4199518933533937
26,-27.127861515670382,-56.698409124903904,3.4199518933533937
27,-27.193225678197763,-56.70730884708218,3.54953665975557
28,-27.127891981773793,-56.70739302134808,3.4199518933533937
29,-27.111558507875287,-56.70740871309622,3.54953665975557
30,-27.095225018570893,-56.70742226410695,3.54953665975557
31,-27.20960899051648,-56.71626629753961,3.54953665975557
32,-27.193271734416108,-56.71629270186501,3.54953665975557
33,-27.127922465538663,-56.71637690474028,3.4199518933533937
34,-27.111585098486973,-56.7163926018218,3.54953665975557
35,-27.09524771601708,-56.71640615743831,3.54953665975557
36,-27.19331781733936,-56.725276543583995,3.54953665975557
37,-27.1769766391909,-56.72530081472117,3.54953665975557
38,-27.16063543657529,-56.72532294368749,3.54953665975557
39,-27.14429421175164,-56.72534293047645,3.54953665975557
40,-27.127952966979112,-56.72536077508227,3.54953665975557
41,-26.718762791775422,-57.06074256364994,3.3833625914958207
42,-26.70227465707819,-57.06070447226679,3.3833625914958207
43,-26.685786564416983,-57.060664211333375,3.3833625914958207
44,-26.669298516119557,-57.06062178086169,3.3833625914958207
45,-26.702202731245034,-57.06968774521884,3.3833625914958207
46,-26.669218624097656,-57.06960502555538,3.2598444275495893
47,-26.70213076334186,-57.07867100514474,3.3833625914958207
48,-26.685634702126393,-57.078630716687684,3.3833625914958207
49,-26.669138685346493,-57.07858825720928,3.2598444275495893
50,-26.6855587043457,-57.08761394981746,3.3833625914958207
51,-26.669058699828273,-57.08757147582517,3.3833625914958207
52,-26.652558742115737,-57.087526830082,3.3833625914958207
53,-26.78450748254423,-57.09680647797619,3.54953665975557
54,-26.7680032559411,-57.09677702466521,3.54953665975557
55,-26.7844553509119,-57.10578975661746,3.54953665975557
56,-26.7679471317148,-57.105760293235534,3.54953665975557
57,-26.767890974631257,-57.114743548809926,3.54953665975557
58,-26.461391439041794,-57.75159703138884,3.3833625914958207
59,-26.478062930978766,-57.76064935985735,3.3833625914958207
60,-26.461257821492325,-57.760579036625316,3.3833625914958207
61,-26.444452791537227,-57.760506485157585,3.3833625914958207
62,-26.494742760449096,-57.76969949489007,3.3833625914958207
63,-26.47793340387287,-57.76963137638055,3.3833625914958207
64,-26.44431492454721,-57.7694884523014,3.2598444275495893
65,-26.511430932540772,-57.77874743419287,3.3833625914958207
66,-26.49461732874933,-57.77868152195558,3.3833625914958207
67,-26.444176975477895,-57.778470406416695,3.1072325059538586
68,-26.427363685369425,-57.77839557503322,3.2598444275495893
69,-26.494491822355318,-57.78766353603047,3.3833625914958207
70,-26.42722147934526,-57.78737749025137,3.2598444275495893
71,-26.49436624120527,-57.79664553711653,3.3833625914958207
72,-26.427079188619725,-57.796359392431654,3.2598444275495893
73,-26.410257631181175,-57.7962822780219,3.2598444275495893
74,-26.393436161002278,-57.796202932362924,3.3833625914958207
75,-26.494240585237307,-57.805627525215634,3.3833625914958207
76,-26.477414523662617,-57.80555931245068,3.3833625914958207
77,-26.460588539458303,-57.80548886757455,3.3833625914958207
78,-26.443762635114876,-57.80541619060885,3.3833625914958207
79,-26.426936813122726,-57.80534128157584,3.2598444275495893
80,-26.410111075972196,-57.80526414049858,3.3833625914958207
81,-26.393285426153547,-57.80518476740061,3.3833625914958207
82,-26.460454443732836,-57.81447079473028,3.3833625914958207
83,-26.443624357048733,-57.8143980926276,3.3833625914958207
84,-26.434743787705294,-58.38023174669271,3.162277660168379
85,-26.41764518812039,-58.380155153093156,3.162277660168379
86,-26.400546678036108,-58.38007627726223,2.8172691138478405
87,-26.383448260079422,-58.37999511922486,2.8172691138478405
88,-26.366349936877214,-58.37991167900657,2.8172691138478405
89,-26.34925171105628,-58.37982595663366,2.8172691138478405
90,-26.332153585243315,-58.37973795213316,2.8172691138478405
91,-26.315055562064924,-58.379647665532765,2.8172691138478405
92,-26.297957644147615,-58.37955509686095,2.8172691138478405
93,-26.280859834117788,-58.379460246146884,2.8172691138478405
94,-26.434600093921414,-58.38921281907162,3.162277660168379
95,-26.280677028834106,-58.38844104903984,2.8172691138478405
96,-26.263574984032463,-58.388343882385655,2.8172691138478405
97,-26.43445631319065,-58.3981938785465,2.8172691138478405
98,-26.26338772022774,-58.397324638292766,2.7144176165949063
99,-26.24628144084306,-58.39722515411772,3.162277660168379
100,-26.451424178142986,-58.40724931437579,3.162277660168379
101,-26.434312445439655,-58.407174925119165,2.8172691138478405
102,-26.26320034309203,-58.40630538114345,2.5873402367724454
103,-26.451284577311203,-58.41623037404536,3.162277660168379
104,-26.263012852529677,-58.41528611093944,2.7144176165949063
105,-26.4511448919482,-58.42521142082965,2.8172691138478405
106,-26.434024448583013,-58.425136979565316,2.8172691138478405
107,-26.26282524844491,-58.42426682768242,2.5873402367724454
108,-26.433880319330207,-58.43411798744247,2.8172691138478405
109,-26.4167556039924,-58.434041233110364,2.8172691138478405
110,-26.262637530741845,-58.43324753137416,2.5873402367724454
111,-26.416607025571153,-58.44302220125623,2.8172691138478405
112,-26.399478038410454,-58.44294313226823,2.8172691138478405
113,-26.262449699324513,-58.442228222016276,2.5873402367724454
114,-26.39932500553785,-58.45192405985747,2.8172691138478405
115,-26.382191746708614,-58.451842674625105,2.8172691138478405
116,-26.365058583275918,-58.45175900082418,2.8172691138478405
117,-26.262261754096816,-58.45120889961056,2.5873402367724454
118,-26.36489672375869,-58.46073985776539,2.8172691138478405
119,-26.347759291543955,-58.460653865357365,2.8172691138478405
120,-26.330621960099972,-58.460565583634136,2.8172691138478405
121,-26.313484732073356,-58.46047501262364,2.8172691138478405
122,-26.262073694962538,-58.46018956415867,2.5873402367724454
123,-26.244936907069683,-58.460089836292816,2.7144176165949063
124,-26.313309666280443,-58.4694557639756,2.8172691138478405
125,-26.29616817511028,-58.469362871224305,2.8172691138478405
126,-26.279026792742407,-58.46926768844319,2.8172691138478405
127,-26.24474436500763,-58.469070452912625,2.8172691138478405
128,-26.278842877175684,-58.478248361004844,2.8172691138478405
129,-26.26169723458889,-58.478150854123314,2.8172691138478405
130,-26.24455170619792,-58.47805105647196,3.162277660168379
131,158.91566703353212,-54.491179824162295,3.5115609594099815
132,158.93110496318263,-54.491189606602596,3.5115609594099815
133,158.94654290115307,-54.491197417855744,3.5115609594099815
134,158.96198084557906,-54.49120325791965,3.5115609594099815
135,158.90020722495638,-54.500155230498976,3.5115609594099815
136,158.91564853139516,-54.500166988000565,3.5115609594099815
137,158.9619725043996,-54.50019042948706,3.5115609594099815
138,158.90018532378943,-54.509142377010704,3.5115609594099815
139,158.96196415862536,-54.509177587609734,3.224968079727227
140,158.88471533664938,-54.51811577168129,3.5115609594099815
141,158.90016341055596,-54.5181295100741,3.5115609594099815
142,158.96195580825298,-54.518164732289144,3.224968079727227
143,158.90014148524688,-54.52711662969061,3.5115609594099815
144,158.94649594968868,-54.52714601575287,3.0142333957676035
145,158.961947453279,-54.52715186352675,3.224968079727227
146,158.90011954785317,-54.536103735861715,3.5115609594099815
147,158.94648419564734,-54.53613313162056,3.0142333957676035
148,158.90009759836585,-54.545090828588876,3.5115609594099815
149,158.93101414722452,-54.5451124073202,3.0142333957676035
150,158.94647243512622,-54.545120234048596,3.0142333957676035
151,158.88461398138563,-54.554064151337705,3.5115609594099815
152,158.90007563677585,-54.554077907873626,3.5115609594099815
153,158.93099898201731,-54.55409949372687,3.0142333957676035
154,158.88458860763131,-54.56305121264073,3.6840314986403864
155,158.93098380844654,-54.56308656669568,3.162277660168379
156,158.94644889462523,-54.56309439859156,3.3833625914958207
157,158.88456321988068,-54.572038260502296,3.6840314986403864
158,158.94643711463573,-54.57208146070948,3.3833625914958207
159,158.8845378181233,-54.581025294923876,3.6840314986403864
160,158.93095343618918,-54.58106067232578,3.162277660168379
161,158.94642532814697,-54.58106850939365,3.3833625914958207
162,158.8690371495174,-54.589996562850914,3.82362245665865
163,158.88451240234863,-54.590012315906925,3.82362245665865
164,158.9309382374901,-54.59004770499004,3.2820989397273532
165,158.86900831216255,-54.598983565194956,3.82362245665865
166,158.93092303040234,-54.59903472422239,3.2820989397273532
167,158.86897945888842,-54.60797055410116,3.82362245665865
168,158.9154257086037,-54.608011905528514,3.2820989397273532
169,158.93090781491966,-54.60802173002433,3.2820989397273532
170,158.85346512449303,-54.616939780600475,3.82362245665865
171,158.86895058968292,-54.61695752957106,3.82362245665865
172,158.9154070733764,-54.61699889465657,3.2820989397273532
173,158.85343282615636,-54.625926736772506,3.82362245665865
174,158.91538842785766,-54.62598587035581,3.2820989397273532
175,158.8534005099792,-54.6349136795086,3.82362245665865
176,158.8998774363473,-54.63496101677131,3.2820989397273532
177,158.9153697720397,-54.63497283262767,3.2820989397273532
178,158.8533681759481,-54.64390060881021,3.82362245665865
179,158.86886388635926,-54.64391837537761,3.82362245665865
180,158.89985535323075,-54.64394796171332,3.2820989397273532
181,158.86883495330906,-54.65290529711708,3.82362245665865
182,158.8998332579114,-54.652934893229265,3.2820989397273532
183,158.85330345427076,-54.661874427116096,3.82362245665865
184,158.86880600426767,-54.661892205427634,3.82362245665865
185,158.89981115038006,-54.66192181132067,3.2820989397273532
186,158.83776511187952,-54.67084154770976,3.82362245665865
187,158.85327106659756,-54.67086131612336,3.82362245665865
188,158.88428302786403,-54.670894900267456,3.2820989397273532
189,158.89978903062755,-54.67090871598896,3.5115609594099815
190,158.83772928179118,-54.67982841675412,3.82362245665865
191,158.8532386610169,-54.67984819170212,3.82362245665865
192,158.8842574713375,-54.679881786947384,3.2820989397273532
193,158.85320623751517,-54.68883505385389,3.82362245665865
194,158.88423190067758,-54.688868660205266,3.2820989397273532
195,158.83765756215516,-54.69780211455475,3.82362245665865
196,158.85317379607895,-54.69782190258019,3.82362245665865
197,158.86869004795068,-54.69783970441106,3.2820989397273532
198,158.88420631587368,-54.69785552004254,3.5115609594099815
199,158.83762167257768,-54.70678894331398,3.82362245665865
200,158.8686610187733,-54.70682654559966,3.2820989397273532
201,158.83758576314068,-54.71577575864786,3.82362245665865
202,158.86863197353262,-54.71581337336838,3.2820989397273532
203,158.83754983382923,-54.72476256055785,3.82362245665865
204,158.86860291221643,-54.72480018771871,3.2820989397273532
205,158.83751388462835,-54.73374934904545,3.82362245665865
206,158.86857383481276,-54.73378698865214,3.2820989397273532
207,158.82194453155705,-54.74271431386667,3.82362245665865
208,158.8374779155231,-54.742736124112184,3.82362245665865
209,158.86854474130945,-54.742773776170175,3.5115609594099815
210,158.82190510284946,-54.75170106829832,3.82362245665865
211,158.83744192649849,-54.75172288575953,3.82362245665865
212,158.8529787700819,-54.75174271308665,3.82362245665865
213,158.8685156316944,-54.751760550274355,3.82362245665865
214,158.86848650595545,-54.76074731096614,3.82362245665865
215,-74.3639997481852,-53.12677357101579,3.9842201896584473
216,-74.34905606789827,-53.126692811877895,3.9842201896584473
217,-74.33411246027048,-53.12661017740261,3.7976961046237077
218,-74.31916892696916,-53.126525667610764,3.6590516533172073
219,-74.25939557037456,-53.12616887571093,3.0468307578901648
220,-74.24445243371453,-53.12607498966537,3.0468307578901648
221,-74.19962353638006,-53.125782080535984,3.2598444275495893
222,-74.12491051632003,-53.12525639685037,2.7144176165949063
223,-74.09502598027619,-53.12503299836075,3.0468307578901648
224,-74.3489202105961,-53.13568146197505,3.9842201896584473
225,-74.31902683312614,-53.13551426340831,3.0468307578901648
226,-74.30408025762942,-53.135427850257734,3.8387662073329687
227,-74.1994564986506,-53.13477043477206,3.0468307578901648
228,-74.18451059160084,-53.13466901521101,3.2598444275495893
229,-74.16956477561358,-53.13456571995877,3.2598444275495893
230,-74.06494675355117,-53.13379013608876,3.0468307578901648
231,-74.05000172610401,-53.1336718362849,3.0468307578901648
232,-74.03505680472834,-53.13355166104135,2.7144176165949063
233,-73.96033384727531,-53.132922654306086,3.2598444275495893
234,-73.94538959733929,-53.132791227077604,3.2598444275495893
235,-73.87067014710803,-53.1321059633508,2.904191221840857
236,-73.85572662861763,-53.131963285330485,2.904191221840857
237,-73.8108968462527,-53.13152400136302,2.904191221840857
238,-73.7959538487203,-53.131373823528094,2.5873402367724454
239,-73.76606825853521,-53.13106784331602,2.492882871678434
240,-73.75112566921416,-53.13091204101603,2.5873402367724454
241,-73.6764148469477,-53.13010490916214,2.7144176165949063
242,-73.63159011301039,-53.12959813524017,2.904191221840857
243,-73.61664883825877,-53.129425461717275,2.7144176165949063
244,-73.57182594699286,-53.12889619511119,2.7144176165949063
245,-73.5568852997823,-53.128716024378285,3.0468307578901648
246,-73.33279584891712,-53.125788587122095,3.3833625914958207
247,-74.36373419923669,-53.144750909799654,4.135185542000137
248,-74.34878428058268,-53.14467009817867,3.9842201896584473
249,-74.30393496788035,-53.14441640406404,3.0468307578901648
250,-74.28898535029855,-53.14432808634643,3.4199518933533937
251,-74.27403581215896,-53.144237892159175,3.2598444275495893
252,-74.25908635513112,-53.14414582152504,3.2598444275495893
253,-74.19928937152662,-53.14375877499155,3.487750563206434
254,-74.06475155447933,-53.14277815783245,3.487750563206434
255,-74.00495961326378,-53.14229354871917,3.487750563206434
256,-73.99001190167112,-53.14216770647246,3.2598444275495893
257,-73.9601168186175,-53.14191039423761,3.2598444275495893
258,-73.94516945049283,-53.14177892431436,3.2598444275495893
259,-73.93022220019365,-53.14164557856461,2.904191221840857
260,-73.8554877744554,-53.1409507136124,2.904191221840857
261,-73.84054126613312,-53.14080611362664,3.1408356049500394
262,-73.81064863965388,-53.1405112869488,3.2598444275495893
263,-73.7957025248315,-53.14036106033107,3.2598444275495893
264,-73.75086499403884,-53.13989912781869,3.2598444275495893
265,-73.67613858831116,-53.13909173379274,2.418271175121957
266,-73.66119374400415,-53.13892462937614,2.615320972023661
267,-73.63130450555941,-53.13858479526583,2.7144176165949063
268,-73.61636011475387,-53.13841206565781,2.418271175121957
269,-73.6014158784475,-53.1382374610725,2.418271175121957
270,-73.5864717983061,-53.13806098155388,2.220906154852325
271,-73.57152787599544,-53.137882627146475,2.7144176165949063
272,-73.55658411318112,-53.137702397895254,2.904191221840857
273,-73.51175379837062,-53.13715046153549,3.2598444275495893
274,-73.49681069019552,-53.136962733368215,3.3833625914958207
275,-73.31750695834558,-53.134563789643664,3.54953665975557
276,-73.3025661616946,-53.13435169538561,3.2598444275495893
277,-73.01872891764975,-53.129965917053575,3.487750563206434
278,-72.91417681086966,-53.12817965296019,3.487750563206434
279,-72.89924171296082,-53.127916982260786,3.2598444275495893
280,-74.39350761059382,-53.15389560254881,3.6840314986403864
281,-74.36360131814749,-53.15373955836881,3.6840314986403864
282,-74.31874241724044,-53.15349141325619,2.7144176165949063
283,-74.30378960035867,-53.153404943943684,2.7144176165949063
284,-74.28883686130533,-53.153316597529624,3.0468307578901648
285,-74.27388420175126,-53.15322637403634,3.2598444275495893
286,-74.25893162336718,-53.15313427348665,3.0468307578901648
287,-74.0197027714426,-53.151405405433756,3.487750563206434
288,-74.00475182851405,-53.15128139886769,3.6590516533172073
289,-73.98980099681816,-53.15115551573609,3.4199518933533937
290,-73.9748502780244,-53.15102775607069,3.2598444275495893
291,-73.92999881574957,-53.15063321819651,2.904191221840857
292,-73.9150485652575,-53.15049795272308,2.904191221840857
293,-73.90009843601369,-53.1503608108818,2.7981664143395273
294,-73.88514842968712,-53.15022179270726,2.6671682753399955
295,-73.87019854794671,-53.15008089823455,2.6671682753399955
296,-73.8402991648994,-53.1497934805373,2.904191221840857
297,-73.82534966692985,-53.14964695738528,3.2598444275495893
298,-73.7954510664416,-53.14934828265931,2.904191221840857
299,-73.7805019672597,-53.149196131160686,3.2598444275495893
300,-73.76555300434363,-53.14904210362272,3.2598444275495893
301,-73.75060417936156,-53.14888620008421,3.2598444275495893
302,-73.73565549398155,-53.14872842058452,3.1408356049500394
303,-73.72070694987157,-53.14856876516344,2.492882871678434
304,-73.70575854869945,-53.14840723386128,2.329986101501426
305,-73.690810292133,-53.14824382671877,2.418271175121957
306,-73.66091421948751,-53.147911385078075,2.329986101501426
307,-73.64596640674353,-53.147742350663755,2.418271175121957
308,-73.6310187452752,-53.147571440576826,2.7981664143395273
309,-73.5562827654181,-53.146688756578385,2.418271175121957
310,-73.51144309949846,-53.14613664093995,3.1072325059538586
311,-73.30221183902047,-53.14333696577197,3.4199518933533937
312,-73.28726811682128,-53.14312292806985,3.4199518933533937
313,-73.27232458587955,-53.142907015860146,3.2598444275495893
314,-73.25738124785961,-53.14268922919731,3.4199518933533937
315,-72.89880333674303,-53.13690016314938,3.487750563206434
316,-72.31641247351843,-53.12519248899024,3.0468307578901648
317,-74.36346836591362,-53.1627281930576,3.6840314986403864
318,-74.34851220221323,-53.162647328909806,3.54953665975557
319,-74.3335561113808,-53.16256458698657,3.3833625914958207
320,-74.31860009508854,-53.162479967308705,2.8172691138478405
321,-74.28868829281288,-53.16230509477522,2.7144176165949063
322,-74.27373251017356,-53.16221484196375,2.7144176165949063
323,-74.1391343223079,-53.16131807456948,3.2598444275495893
324,-74.04940645412954,-53.16063574372898,3.8387662073329687
325,-74.03445217173564,-53.160515451314076,3.8387662073329687
326,-74.01949799731273,-53.160393281661946,3.4199518933533937
327,-73.97463613857767,-53.16001550959309,3.0468307578901648
328,-73.95968241274609,-53.15988583130526,3.2598444275495893
329,-73.94472880323882,-53.15975427593916,3.1408356049500394
330,-73.91482193987879,-53.15948553410544,3.2598444275495893
331,-73.89986868936663,-53.15934834770569,2.904191221840857
332,-73.8699625590289,-53.15906834411346,2.7981664143395273
333,-73.85500968254341,-53.15892552699167,2.7981664143395273
334,-73.82510431528873,-53.15863426227703,2.904191221840857
335,-73.78024725374335,-53.15818328958226,3.2598444275495893
336,-73.73539141947042,-53.157715427053546,2.7981664143395273
337,-73.69053685753975,-53.15723067575361,2.329986101501426
338,-73.67558562742762,-53.157065339115874,2.418271175121957
339,-73.55598125637762,-53.155675100428056,2.418271175121957
340,-73.48123371553226,-53.154745229316575,2.904191221840857
341,-73.46628470988642,-53.15455362756133,3.1072325059538586
342,-72.89836472604189,-53.14588332788311,3.2598444275495893
343,-72.88342363901516,-53.14561861303617,3.487750563206434
344,-72.86848278830158,-53.14535202470972,3.2598444275495893
345,-72.80872178180547,-53.14426693795957,2.5873402367724454
346,-72.79378213757623,-53.1439909832528,2.5873402367724454
347,-72.77884273962643,-53.14371315547669,2.5873402367724454
348,-72.76390358961648,-53.143433454701295,2.5873402367724454
349,-72.74896468920667,-53.14315188099708,2.5873402367724454
350,-72.73402604005712,-53.142868434435,2.492882871678434
351,-72.71908764382772,-53.142583115086424,2.492882871678434
352,-72.31585260979861,-53.13417185323258,3.0468307578901648
353,-72.2262733098005,-53.132117438479284,3.487750563206434
354,-72.15163238219326,-53.13035399823901,3.7315903447241277
355,-72.13670514258531,-53.129995700927644,3.360421453712665
356,-72.01729885418071,-53.12706202648205,3.1072325059538586
357,-72.00237454645138,-53.12668690656588,3.2598444275495893
358,-74.28853964476406,-53.171293578084345,3.3833625914958207
359,-74.27358073736754,-53.17120329594243,3.0468307578901648
360,-74.25862191125765,-53.171111135524214,3.2598444275495893
361,-74.04920781763956,-53.16962368455117,3.8387662073329687
362,-73.97442188447711,-53.16900324886929,2.935598535244139
363,-73.95946503536564,-53.168873528443044,3.0468307578901648
364,-73.91459519316471,-53.168473101169965,3.2598444275495893
365,-73.89963881971406,-53.16833587019316,3.2598444275495893
366,-73.88468256935722,-53.168196761664134,2.904191221840857
367,-73.85477044461008,-53.16791291209053,2.904191221840857
368,-73.82485883229255,-53.16762155273581,2.904191221840857
369,-73.77999240386335,-53.167170433509874,3.2598444275495893
370,-73.73512720358784,-53.16670241896535,2.7981664143395273
371,-73.72017241754803,-53.16654265978463,2.7981664143395273
372,-73.67530892496836,-53.16605211980949,2.7144176165949063
373,-73.64540066789858,-53.16571570821256,2.329986101501426
374,-73.63044676576823,-53.165544687056716,1.9786024464679264
375,-73.61549301680044,-53.16537178905336,2.220906154852325
376,-73.55567958594385,-53.16466142944471,2.418271175121957
377,-73.54072662782961,-53.16447914786789,2.7144176165949063
378,-73.49586873923057,-53.16392104385243,2.7144176165949063
379,-73.48091644384125,-53.16373125624214,2.7144176165949063
380,-73.46596431830473,-53.16353959224208,2.7144176165949063
381,-73.45101236428937,-53.163346051900554,2.904191221840857
382,-73.27160290188041,-53.160877231423015,3.54953665975557
383,-73.25665332940684,-53.16065930325966,3.54953665975557
384,-73.22675477072228,-53.16021782014451,3.0468307578901648
385,-73.21180578784406,-53.1599942653041,3.1072325059538586
386,-72.86803771470144,-53.15433500075838,3.487750563206434
387,-72.85309398809417,-53.15406645184382,3.487750563206434
388,-72.82320725596534,-53.15352373222725,2.904191221840857
389,-72.80826425376824,-53.15324956166204,2.904191221840857
390,-72.74849470953941,-53.15213414264006,2.904191221840857
391,-72.71861143942186,-53.1515651920581,2.5873402367724454
392,-72.31529244675687,-53.143151199740515,2.935598535244139
393,-72.24062673519623,-53.14144330904541,3.7315903447241277
394,-72.22569450970006,-53.1410961182453,3.487750563206434
395,-72.13610771340227,-53.13897369216956,3.7315903447241277
396,-72.12117768890006,-53.13861340844218,3.487750563206434
397,-72.07638954825019,-53.137521337269995,3.487750563206434
398,-72.06146081782725,-53.13715357385463,3.487750563206434
399,-72.04653241505473,-53.136783940747485,3.487750563206434
400,-72.03160434158428,-53.13641243804158,3.487750563206434
401,-72.0166765990675,-53.136039065830374,3.7315903447241277
402,-74.34823983237175,-53.18062450408014,3.6840314986403864
403,-74.33327748990878,-53.18054170836575,3.6840314986403864
404,-74.28839091710174,-53.180282047458014,3.54953665975557
405,-74.18365844715807,-53.17961041127787,3.4199518933533937
406,-74.04900907477311,-53.1786116112119,3.9842201896584473
407,-74.03404854334792,-53.17849124060142,3.9842201896584473
408,-74.01908812004885,-53.17836899153387,3.0468307578901648
409,-74.00412780654916,-53.178244864040124,3.0468307578901648
410,-73.97420751564039,-53.177990973900094,2.935598535244139
411,-73.94428768400576,-53.17772957043778,3.0468307578901648
412,-73.92932794459847,-53.17759605129302,3.2598444275495893
413,-73.9143683250282,-53.177460653917336,3.2598444275495893
414,-73.89940882696764,-53.177323378344916,3.2598444275495893
415,-73.88444945208933,-53.177184224610485,2.904191221840857
416,-73.85453107856931,-53.176900282796495,3.2598444275495893
417,-73.83957208327232,-53.176755494788694,2.904191221840857
418,-73.82461321784697,-53.17660882876224,3.2598444275495893
419,-73.80965448396543,-53.17646028475427,2.904191221840857
420,-73.77973741752172,-53.176157562944155,3.2598444275495893
421,-73.76477908830334,-53.17600338521846,3.2598444275495893
422,-73.71990493672281,-53.17552958522756,2.904191221840857
423,-73.70494717045935,-53.175367896425605,2.904191221840857
424,-73.67503207435573,-53.17503888585851,3.2598444275495893
425,-73.66007474785798,-53.174871564176485,3.2598444275495893
426,-73.64511757129102,-53.1747023649516,2.6671682753399955
427,-73.61520367463315,-53.174358334044726,2.075781631112427
428,-73.54042167372981,-53.17346540282687,2.7144176165949063
429,-73.48059900229745,-53.17271726820931,2.615320972023661
430,-73.45068867975054,-53.1723319387172,2.7144176165949063
431,-73.43573377761302,-53.17213645859428,2.904191221840857
432,-73.42077905045866,-53.171939101619095,3.1072325059538586
433,-73.30114773289576,-53.17029268521446,3.54953665975557
434,-73.28619465568906,-53.170078438867705,3.4199518933533937
435,-73.24133658075783,-53.16942444204948,3.0468307578901648
436,-72.85264556081792,-53.16304932445268,3.2598444275495893
437,-72.83769895865974,-53.162778813766785,3.487750563206434
438,-72.8227525981449,-53.162506428589744,3.2598444275495893
439,-72.7181349802535,-53.160547252428174,2.5873402367724454
440,-72.70319061275114,-53.1602598738345,2.904191221840857
441,-72.68824650185593,-53.15997062138492,2.492882871678434
442,-72.31473198417875,-53.152130528512274,2.935598535244139
443,-72.29979512779748,-53.15179258277878,3.1408356049500394
444,-72.28485857282396,-53.15145276532315,3.1072325059538586
445,-72.26992232091465,-53.15111107623098,3.6590516533172073
446,-72.2101803770413,-53.14972560522528,3.6590516533172073
447,-72.12057683462213,-53.14759126446579,3.7315903447241277
448,-72.1056440256843,-53.14722899315497,3.7315903447241277
449,-72.0907115396714,-53.14686485127123,3.487750563206434
450,-72.07577937823704,-53.146498838906346,3.487750563206434
451,-74.03384656700361,-53.18747911397938,4.135185542000137
452,-74.00391957638918,-53.18723265734278,3.0468307578901648
453,-73.9889562475737,-53.18710661050116,3.4199518933533937
454,-73.97399303198509,-53.18697868468634,3.4199518933533937
455,-73.83932946311086,-53.18574280404799,3.2598444275495893
456,-73.82436747185761,-53.1855960903571,3.2598444275495893
457,-73.80940561224266,-53.18544749807464,3.0468307578901648
458,-73.79444388593923,-53.18529702723817,3.4199518933533937
459,-73.76452083995943,-53.18499045005575,3.4199518933533937
460,-73.74955952362906,-53.184834343787244,3.4199518933533937
461,-73.73459834730217,-53.18467635911963,3.0468307578901648
462,-73.71963731265156,-53.18451649609282,2.904191221840857
463,-73.70467642134986,-53.18435475474722,3.2598444275495893
464,-73.65979462426324,-53.18385826120853,2.904191221840857
465,-73.64483432308171,-53.18368900700104,2.904191221840857
466,-73.6298741736108,-53.18351787468378,2.220906154852325
467,-73.61491417752255,-53.183344864299976,2.6671682753399955
468,-73.55507576043303,-53.18263404298046,2.418271175121957
469,-73.54011655633474,-53.18245164292895,2.418271175121957
470,-73.51019864004702,-53.18208120948077,2.7144176165949063
471,-73.49523993119998,-53.18189317617767,2.7144176165949063
472,-73.48028139077886,-53.18170326521838,2.7144176165949063
473,-73.4204489467699,-53.180924845785775,2.904191221840857
474,-73.4054912735395,-53.1807255472745,2.904191221840857
475,-73.28583645215578,-53.179063578503765,3.2598444275495893
476,-73.27088044508594,-53.17884738560924,3.3833625914958207
477,-73.25592463149238,-53.1786293158276,3.162277660168379
478,-72.97180315260945,-53.17412945748212,3.0468307578901648
479,-72.95685155883815,-53.17387386214869,3.0468307578901648
480,-72.77745073247169,-53.17066043778888,3.487750563206434
481,-72.76250223901862,-53.170380464444996,3.487750563206434
482,-72.71765826613989,-53.169529296195726,2.904191221840857
483,-72.68776355708893,-53.168952477898316,2.6671682753399955
484,-72.26935222913967,-53.160090056342625,3.6590516533172073
485,-72.25441317257092,-53.15974638418106,3.6590516533172073
486,-72.23947442259829,-53.15940083994988,3.6590516533172073
487,-73.98874477739851,-53.19609434862437,3.7976961046237077
488,-73.97377843342872,-53.19596638122887,3.4199518933533937
489,-73.92888009812242,-53.19557120186604,3.4199518933533937
490,-73.91391422413875,-53.19543571646391,3.6590516533172073
491,-73.8690173389939,-53.19501798389345,3.4199518933533937
492,-73.82412159422994,-53.194583337521046,3.0468307578901648
493,-73.80915660720835,-53.19443469694401,3.6590516533172073
494,-73.79419175359409,-53.19428417720273,3.0468307578901648
495,-73.65951435063003,-53.19284494357445,3.487750563206434
496,-73.64455092316175,-53.19267563436144,3.2598444275495893
497,-73.6295876475131,-53.19250444642873,2.7981664143395273
498,-73.61462452535734,-53.19233137981959,2.6671682753399955
499,-73.59966155836759,-53.19215643457775,2.492882871678434
500,-73.569736096578,-53.19180090837324,2.7144176165949063
501,-73.55477360512387,-53.19162032750038,2.418271175121957
502,-73.49492527460619,-53.19087921994199,3.0468307578901648
503,-73.42011866630189,-53.18991057488935,2.418271175121957
504,-73.27051892654362,-53.18783243968617,3.2598444275495893
505,-73.25555998988719,-53.187614299051155,3.3833625914958207
506,-73.2406012485162,-53.18739428097506,3.2598444275495893
507,-73.22564270410066,-53.18717238551344,2.904191221840857
508,-73.21068435831052,-53.186948612722304,2.7144176165949063
509,-73.07606845980447,-53.184850187254824,3.0468307578901648
510,-73.06111219208127,-53.184607644354735,2.904191221840857
511,-73.04615614134285,-53.18436322477276,3.0468307578901648
512,-73.03120030925739,-53.18411692857061,3.0468307578901648
513,-73.01624469749285,-53.18386875581043,3.0468307578901648
514,-73.00128930771712,-53.18361870655492,2.904191221840857
515,-72.9713792008025,-53.18311297881075,3.162277660168379
516,-72.95642448699854,-53.18285730044979,2.904191221840857
517,-72.94147000185315,-53.18259974584878,2.7144176165949063
518,-72.77698623337655,-53.17964283232604,3.487750563206434
519,-72.76203462211633,-53.179362768050424,3.487750563206434
520,-72.74708326117332,-53.17908082841667,2.904191221840857
521,-72.73213215221236,-53.17879701349596,2.904191221840857
522,-72.71718129689812,-53.17851132335986,2.904191221840857
523,-72.68728035386768,-53.177934317730426,2.3761767975649812
524,-72.23889780402996,-53.168379578447855,3.2598444275495893
525,-72.2239562517142,-53.16803204945705,3.3833625914958207
526,-73.91368699121111,-53.20442322626467,3.8387662073329687
527,-73.89871810928062,-53.20428581679392,3.8387662073329687
528,-73.80890746876669,-53.203421881363006,3.6590516533172073
529,-73.79393948616726,-53.20327131269656,3.4199518933533937
530,-73.77897163874661,-53.20311886429347,3.6590516533172073
531,-73.71910163435926,-53.202490274092796,3.4199518933533937
532,-73.68916748679523,-53.20216470159728,3.2598444275495893
533,-73.67420063253304,-53.20199909614351,3.2598444275495893
534,-73.6442673714221,-53.20166224703325,3.2598444275495893
535,-73.62930096792252,-53.20149100346193,3.2598444275495893
536,-73.59936862340724,-53.2011428785033,2.6671682753399955
537,-73.5694369066988,-53.200787236750756,2.904191221840857
538,-73.49461044946545,-53.19986524877453,2.7144176165949063
539,-73.41978820892763,-53.198896288930044,2.418271175121957
540,-73.40482428522844,-53.198696860870434,2.418271175121957
541,-73.38986054023526,-53.19849555423045,2.7144176165949063
542,-73.37489697562064,-53.1982923690609,3.0468307578901648
543,-73.25519515299656,-53.19659926690112,3.2598444275495893
544,-73.24023328703281,-53.1963791773328,3.2598444275495893
545,-73.21031014806731,-53.19593336426777,2.7144176165949063
546,-73.19534887840761,-53.19570764088367,2.7144176165949063
547,-73.18038781085775,-53.195480039674415,2.5873402367724454
548,-73.16542694708842,-53.19525056069744,2.5873402367724454
549,-73.15046628877012,-53.19501920401072,2.5873402367724454
550,-73.10558556322461,-53.194313868279046,2.7144176165949063
551,-73.09062574341287,-53.194075001342576,2.7144176165949063
552,-73.07566613740265,-53.1938342569933,2.904191221840857
553,-73.00087137280636,-53.19260237619957,2.7144176165949063
554,-72.98591308466237,-53.192350368666894,2.615320972023661
555,-72.97095502200419,-53.19209648415696,2.7981664143395273
556,-72.94103957981932,-53.19158308446225,2.7144176165949063
557,-72.92608220362924,-53.191323569407075,2.904191221840857
558,-72.91112505959828,-53.19106217763395,2.904191221840857
559,-72.80643169191964,-53.18917989272168,3.2598444275495893
560,-72.79147646519228,-53.18890348962023,3.487750563206434
561,-72.77652148562917,-53.188625210411786,3.360421453712665
562,-72.74661227466135,-53.18806302395521,3.487750563206434
563,-72.71670407234511,-53.18749333391965,2.7981664143395273
564,-72.70175035359588,-53.18720567523918,2.492882871678434
565,-72.68679689200671,-53.186916140880214,2.3761767975649812
566,-72.23832087698743,-53.177358298973694,3.1408356049500394
567,-73.9284317716089,-53.21354629525343,3.8387662073329687
568,-73.80865819682177,-53.21240905133234,3.6590516533172073
569,-73.77871610557747,-53.21210593576094,3.0468307578901648
570,-73.76374526454593,-53.21195155749282,3.4199518933533937
571,-73.70386330347559,-53.21131524212064,3.4199518933533937
572,-73.6888931723535,-53.21115146290379,3.4199518933533937
573,-73.64398366775369,-53.21064884501702,3.4199518933533937
574,-73.6290141347287,-53.210477545783874,3.4199518933533937
575,-73.59907553149516,-53.21012930767043,2.6671682753399955
576,-73.56913755651975,-53.20977355032173,2.904191221840857
577,-73.49429545565664,-53.20885126267563,2.7144176165949063
578,-73.40449052307804,-53.20768249503384,2.418271175121957
579,-73.23986512845242,-53.20536405828712,3.2598444275495893
580,-73.22490033346328,-53.20514201859243,2.904191221840857
581,-73.15007937562201,-53.204003643033914,2.418271175121957
582,-73.13511579917771,-53.20377033290791,2.418271175121957
583,-73.10518927478553,-53.203298078110365,2.5873402367724454
584,-72.92564842806605,-53.200306807654,2.418271175121957
585,-72.88076833101215,-53.19951674585037,2.904191221840857
586,-72.83589036995123,-53.1987097899053,2.904191221840857
587,-72.82093153204916,-53.19843705065253,3.0468307578901648
588,-72.8059729381532,-53.19816243454526,3.2598444275495893
589,-72.79101458993127,-53.19788594165288,3.2598444275495893
590,-72.7760564890511,-53.1976075720452,3.2598444275495893
591,-72.76109863718035,-53.19732732579249,2.993795165523909
592,-72.74614103598638,-53.19704520296552,2.6671682753399955
593,-72.59657917797284,-53.19412077901616,2.492882871678434
594,-72.58162444422142,-53.19381801867746,2.492882871678434
595,-72.56666998114164,-53.19351338265037,2.5873402367724454
596,-72.55171579039853,-53.19320687101185,2.5873402367724454
597,-72.53676187365693,-53.19289848383923,2.492882871678434
598,-72.37228734954763,-53.18938246228564,2.492882871678434
599,-72.35733685061031,-53.189051574909136,2.7981664143395273
600,-72.34238664729946,-53.18871881304703,2.7981664143395273
601,-72.32743674127711,-53.18838417678323,2.935598535244139
602,-72.23774364124944,-53.186337001525494,3.1408356049500394
603,-72.22279586276606,-53.18598924683989,3.1408356049500394
604,-73.88328199113303,-53.222121324051166,3.9842201896584473
605,-73.80840879127761,-53.2213962068527,3.7976961046237077
606,-73.77846043545568,-53.22109299273834,3.162277660168379
607,-73.62872714782127,-53.21946407339507,3.4199518933533937
608,-73.59878228251848,-53.219115722079614,2.904191221840857
609,-73.56883804592562,-53.218759849086545,2.904191221840857
610,-73.5538661675866,-53.21857909207309,2.904191221840857
611,-73.49398029305848,-53.217837261645585,3.2598444275495893
612,-73.40415658209314,-53.21666811410779,2.220906154852325
613,-73.38918658019743,-53.21646667659135,2.329986101501426
614,-73.3742167589397,-53.2162633593253,2.418271175121957
615,-73.35924711999476,-53.216058162361094,2.7144176165949063
616,-73.22452884984963,-53.21412681198172,2.3761767975649812
617,-73.20956112611971,-53.213902820967405,2.329986101501426
618,-73.194593603117,-53.21367695085169,2.075781631112427
619,-73.13472555184052,-53.212754680523844,2.329986101501426
620,-73.11975905756925,-53.212519415767076,2.329986101501426
621,-73.10479277406232,-53.21228227225855,2.329986101501426
622,-72.92521442017699,-53.20929002981294,2.329986101501426
623,-72.91025102873371,-53.20902846815856,2.329986101501426
624,-72.89528787145355,-53.208765028634645,2.418271175121957
625,-72.88032495000652,-53.20849971130772,2.7144176165949063
626,-72.8653622660627,-53.20823251624484,3.0468307578901648
627,-72.79055246732842,-53.20686837727011,2.7144176165949063
628,-72.77559124346362,-53.20658991722554,3.2598444275495893
629,-72.59607647086192,-53.2031019915046,2.492882871678434
630,-72.53624668545125,-53.201879299306114,2.5873402367724454
631,-72.49137723713403,-53.200942581216935,2.3761767975649812
632,-72.47642131386206,-53.200626590093286,2.3761767975649812
633,-72.46146567311558,-53.20030872322188,2.492882871678434
634,-72.44651031655943,-53.19998898068296,2.492882871678434
635,-72.43155524585825,-53.19966736255725,2.492882871678434
636,-72.41660046267653,-53.199343868925894,2.492882871678434
637,-72.38669176552821,-53.198691255473385,2.492882871678434
638,-72.37173785488949,-53.19836213581692,2.7981664143395273
639,-72.32687789467829,-53.19736352612482,2.7981664143395273
640,-72.31192517072029,-53.19702690626654,3.0468307578901648
641,-72.22221520253747,-53.19496781849788,2.993795165523909
642,-72.20726461928045,-53.19461807657471,3.2598444275495893
643,-72.19231434848481,-53.194266460419996,3.6590516533172073
644,-73.8830481233892,-53.23110870088641,3.9842201896584473
645,-73.80815925203812,-53.23038334792477,3.7976961046237077
646,-73.79318187242512,-53.230232632360305,3.7976961046237077
647,-73.77820462828278,-53.23008003522634,3.7976961046237077
648,-73.65839175355408,-53.22879152638694,3.9842201896584473
649,-73.5984888763643,-53.228102121731304,3.4199518933533937
650,-73.58351354609854,-53.22792506788124,3.2598444275495893
651,-73.55356336414945,-53.22756531726963,2.904191221840857
652,-73.49366496154968,-53.22682324568478,3.2598444275495893
653,-73.47869077928738,-53.226633025902984,2.7144176165949063
654,-73.37387637719547,-53.22524883174129,2.7144176165949063
655,-73.19421566194369,-53.22266158259399,2.075781631112427
656,-72.86491552185134,-53.21721537868566,2.418271175121957
657,-72.84994995154979,-53.216946218524235,2.7144176165949063
658,-72.7751257486879,-53.21557224595201,2.904191221840857
659,-72.76016164953694,-53.215291817570616,3.0468307578901648
660,-72.59557349455142,-53.21208318706735,2.5873402367724454
661,-72.58061251800075,-53.2117802300004,2.5873402367724454
662,-72.5357312213815,-53.21086009768197,2.904191221840857
663,-72.49085240932094,-53.209923075318805,2.3761767975649812
664,-72.41606003267437,-53.208323843748985,2.5873402367724454
665,-72.40110241885668,-53.207998369015044,3.2598444275495893
666,-72.38614509609558,-53.20767101833176,2.7981664143395273
667,-72.34127489080105,-53.20667771141459,2.7981664143395273
668,-72.31136290640772,-53.20600612858408,2.7981664143395273
669,-72.29640736494456,-53.205667523956684,2.904191221840857
670,-72.28145212618882,-53.205327043968296,3.1072325059538586
671,-72.22163423150873,-53.20394637213092,3.487750563206434
672,-72.20668053123956,-53.20359651663615,3.1072325059538586
673,-73.74798833790662,-53.238756123333175,3.9842201896584473
674,-73.65811072810897,-53.23777813542992,3.9842201896584473
675,-73.64313164408291,-53.23760855084508,3.9842201896584473
676,-73.58321684843375,-53.23691139521098,3.4199518933533937
677,-73.56823854303063,-53.23673240219933,2.904191221840857
678,-73.55326039838896,-53.236551527636344,2.904191221840857
679,-73.5382824161874,-53.236368771567776,2.904191221840857
680,-73.47837214535227,-53.2356189331699,2.935598535244139
681,-73.46339500052765,-53.23542677027674,2.7144176165949063
682,-73.3735358130073,-53.23423428901337,1.8493111942973237
683,-73.35855991098227,-53.23402895862146,2.418271175121957
684,-73.34358419320947,-53.23382174736232,2.7144176165949063
685,-73.2387594687123,-53.232318608729344,3.3833625914958207
686,-73.22378528531752,-53.23209635245955,3.3833625914958207
687,-73.20881130126298,-53.23187221581145,2.7144176165949063
688,-73.1938375182244,-53.23164619884175,2.220906154852325
689,-72.849499840792,-53.22592897726626,2.329986101501426
690,-72.83453138447781,-53.22565785081959,2.7144176165949063
691,-72.8195631710244,-53.225384845622756,3.0468307578901648
692,-72.80459520210346,-53.22510996174478,2.904191221840857
693,-72.75969277924968,-53.224274038721106,2.615320972023661
694,-72.74472580517201,-53.22399164081807,2.418271175121957
695,-72.58010614839681,-53.220761310210726,2.5873402367724454
696,-72.53521548124945,-53.219840878965535,2.904191221840857
697,-72.52025247583039,-53.2195303138863,2.904191221840857
698,-72.49032730044568,-53.218903552201645,2.492882871678434
699,-72.47536513381554,-53.21858735575456,2.492882871678434
700,-72.46040325011685,-53.21826928234393,2.5873402367724454
701,-72.44544165101682,-53.21794933205013,2.5873402367724454
702,-72.43048033818255,-53.217627504954,2.7981664143395273
703,-72.40055857797826,-53.21697822068024,3.2598444275495893
704,-72.3855981339413,-53.21665076366663,2.7981664143395273
705,-72.37063798283623,-53.2163214301786,2.7981664143395273
706,-72.35567812632898,-53.21599022029936,2.904191221840857
707,-72.3407185660854,-53.21565713411254,3.2598444275495893
708,-72.28088332105666,-53.21430602797868,2.904191221840857
709,-72.26592526711124,-53.21396356152502,3.2598444275495893
710,-72.25096751941996,-53.2136192192755,3.2598444275495893
711,-72.23601007964712,-53.21327300131701,3.2598444275495893
712,-72.22105294945682,-53.21292490773704,3.487750563206434
713,-74.15231735877377,-53.25130656690092,3.6840314986403864
714,-74.12234483833915,-53.251089683770104,3.6840314986403864
715,-73.9275336757059,-53.24949631049705,3.9842201896584473
716,-73.83762747772413,-53.248653565393894,4.262769748452453
717,-73.65782955197685,-53.24676472980988,3.7976961046237077
718,-73.64284733160602,-53.24659509008172,3.7976961046237077
719,-73.62786526371114,-53.24642356796898,3.54953665975557
720,-73.6128833499727,-53.24625016351511,3.4199518933533937
721,-73.56793855049874,-53.2457186565482,2.6671682753399955
722,-73.53797615243487,-53.24535490768221,2.904191221840857
723,-73.49303379131398,-53.24479516897208,3.2598444275495893
724,-73.46307306081138,-53.24441260010897,2.7144176165949063
725,-73.34323717846848,-53.2428070553686,2.7144176165949063
726,-73.32825851283611,-53.24259789531738,2.7144176165949063
727,-73.22341320411273,-53.24108109954802,3.3833625914958207
728,-73.20843608738284,-53.240856890037456,2.7144176165949063
729,-73.17848245908161,-53.240402828277254,1.9786024464679264
730,-73.16350595086375,-53.240172976142524,1.9786024464679264
731,-73.14852964883653,-53.23994124324876,1.9786024464679264
732,-72.80413546458122,-53.234092438051675,2.418271175121957
733,-72.78916461369148,-53.23381558562134,2.904191221840857
734,-72.74425355603263,-53.232973753706624,2.7144176165949063
735,-72.72928370739045,-53.23268938509697,2.418271175121957
736,-72.71431411349019,-53.23240313762103,2.5873402367724454
737,-72.57959950753755,-53.22974237345203,2.5873402367724454
738,-72.56463255296744,-53.229437341371586,2.5873402367724454
739,-72.51973333465546,-53.22851097717552,2.904191221840857
740,-72.5047674825823,-53.22819843338537,2.904191221840857
741,-72.48980191030641,-53.2278840118641,2.5873402367724454
742,-72.45987161182155,-53.22724953594635,2.5873402367724454
743,-72.40001444583419,-53.2259580548646,3.2598444275495893
744,-72.34016194344044,-53.224636539150964,2.904191221840857
745,-72.32519955903294,-53.22430146793462,2.904191221840857
746,-74.13715019067537,-53.26018708901715,3.6840314986403864
747,-74.12216083804277,-53.26007767009787,3.6840314986403864
748,-74.10717158413229,-53.25996636704329,3.54953665975557
749,-74.09218243062848,-53.25985317988158,3.3833625914958207
750,-74.07719337921579,-53.25973810864142,3.54953665975557
751,-73.59760771370547,-53.25506123214598,3.8387662073329687
752,-73.58262297574173,-53.25488400552906,3.6590516533172073
753,-73.5676383970897,-53.254704896092555,2.6671682753399955
754,-73.53766972444551,-53.25434102894277,2.904191221840857
755,-73.52268563381544,-53.254156271321655,3.2598444275495893
756,-73.49271795234378,-53.253781108220835,3.0468307578901648
757,-73.47773436486355,-53.25359070283618,2.7144176165949063
758,-73.46275094846112,-53.25339841495946,2.7981664143395273
759,-73.32790817656527,-53.251583120118426,2.7144176165949063
760,-73.3129265633422,-53.25137201007786,2.904191221840857
761,-73.20806067234209,-53.24984154879934,2.904191221840857
762,-73.19308062256518,-53.24961538485307,2.418271175121957
763,-73.17810077577167,-53.24938733942124,2.075781631112427
764,-73.14814169784594,-53.24892560433215,1.9786024464679264
765,-72.78870149994295,-53.242797955568975,2.418271175121957
766,-72.77372776743977,-53.24251913339988,2.7144176165949063
767,-72.75875428484204,-53.242238431540734,2.7144176165949063
768,-72.71383535321453,-53.2413850485353,2.418271175121957
769,-72.69886288697072,-53.24109682863066,2.904191221840857
770,-72.56412251361382,-53.238418288526134,2.5873402367724454
771,-72.54915270531596,-53.23811127867611,2.904191221840857
772,-72.48927623870098,-53.23686445430476,2.7981664143395273
773,-72.47430782204292,-53.23654805236308,2.904191221840857
774,-72.45933968872308,-53.23622977224112,2.904191221840857
775,-72.44437184041105,-53.23590961401934,2.904191221840857
776,-72.39947002221521,-53.23493787156651,3.2598444275495893
777,-72.38450333062676,-53.234610201759295,3.487750563206434
778,-72.36953693239117,-53.23428065426158,3.2598444275495893
779,-72.33960502265215,-53.23361592652815,3.2598444275495893
780,-72.3246395144849,-53.23328074646042,2.904191221840857
781,-74.15196182656445,-53.26928266660107,3.6840314986403864
782,-74.1369692342406,-53.26917509686416,3.6840314986403864
783,-74.07699985287748,-53.26872597043851,3.3833625914958207
784,-74.06200776294824,-53.2686089771049,3.54953665975557
785,-73.59731367770956,-53.264047572772235,3.6590516533172073
786,-73.5373631321011,-53.26332713534989,2.904191221840857
787,-73.52237590267673,-53.26314231764452,3.1408356049500394
788,-73.49240194397628,-53.262767032540125,3.0468307578901648
789,-73.37251302446631,-53.26119056996772,2.329986101501426
790,-73.35752771523978,-53.26098503922539,2.418271175121957
791,-73.34254259066357,-53.260777625782524,2.418271175121957
792,-73.32755765241826,-53.26056832969163,2.418271175121957
793,-73.19270187033352,-53.25859995461648,2.904191221840857
794,-73.17771888780048,-53.25837183503939,2.418271175121957
795,-73.16273611007594,-53.25814183342351,2.329986101501426
796,-73.14775353883883,-53.2579099498271,2.220906154852325
797,-72.7732612741188,-53.25150139630264,2.418271175121957
798,-72.75828466036027,-53.25122060320819,2.7144176165949063
799,-72.69838073966727,-53.25007862926021,2.7144176165949063
800,-72.68340540144999,-53.249788435741785,2.7981664143395273
801,-72.54863926412742,-53.24709210905102,2.904191221840857
802,-72.53366660249581,-53.24678312024958,2.904191221840857
803,-72.51869421772086,-53.24647225234182,2.904191221840857
804,-72.36898596474254,-53.243260239944405,3.2598444275495893
805,-72.35401673567308,-53.24292870715932,3.487750563206434
806,-72.33904780350636,-53.242595296242406,2.904191221840857
807,-74.28674964192484,-53.279154291135775,3.6840314986403864
808,-74.18177567547232,-53.27848024857457,3.6840314986403864
809,-74.16677974951544,-53.27837641470125,3.6840314986403864
810,-74.15178391736174,-53.278270695385075,3.6840314986403864
811,-74.1067970005909,-53.27794222504979,2.7144176165949063
812,-74.09180156052078,-53.277828964235006,2.8172691138478405
813,-74.07680622268893,-53.27771381811618,2.8172691138478405
814,-73.64199347888031,-53.27355461968057,3.9842201896584473
815,-73.62700199219248,-53.27338293016375,3.7976961046237077
816,-73.59701948396975,-53.27303389864333,3.6590516533172073
817,-73.53705637528333,-53.27231322690395,2.904191221840857
818,-73.4920857660895,-53.27175294193025,2.7144176165949063
819,-73.37217172918888,-53.27017596666579,2.329986101501426
820,-73.3421950173317,-53.26976288819045,2.418271175121957
821,-73.32720694025986,-53.269553524037114,2.418271175121957
822,-73.31221905133472,-53.26934227667725,2.418271175121957
823,-73.16235088002507,-53.26712623872837,2.418271175121957
824,-72.77279453071262,-53.26048364274745,2.418271175121957
825,-72.6829198637724,-53.25877012539774,2.615320972023661
826,-72.51817424156117,-53.25545286421628,2.5873402367724454
827,-72.50319900572119,-53.25514001564458,2.904191221840857
828,-72.48822405028235,-53.254825287515125,2.993795165523909
829,-72.4732493769171,-53.254508679907545,2.7981664143395273
830,-72.45827498729759,-53.25419019290187,3.1408356049500394
831,-72.44330088309589,-53.25386982657867,3.2598444275495893
832,-72.42832706598381,-53.253547581019035,3.487750563206434
833,-72.35346234526648,-53.25190816754251,3.1072325059538586
834,-72.00918352621308,-53.24376207916287,3.2598444275495893
835,-74.27160027248694,-53.288051928815165,3.6840314986403864
836,-74.25660067260169,-53.2879593780319,3.6840314986403864
837,-74.19660312734004,-53.287570313070184,3.6840314986403864
838,-74.18160396303777,-53.28746833149596,3.6840314986403864
839,-74.10660955802932,-53.28693013292145,2.8172691138478405
840,-73.59672513237241,-53.282020209759615,3.4199518933533937
841,-73.58173097157866,-53.28184281015925,3.4199518933533937
842,-73.5667369704411,-53.28166352590301,3.2598444275495893
843,-73.53674945387372,-53.281299303605266,2.904191221840857
844,-73.5217559418133,-53.28111436565609,2.6671682753399955
845,-73.50676259614771,-53.28092754323573,3.1408356049500394
846,-73.49176941856138,-53.280738836391556,2.615320972023661
847,-73.37183025081006,-53.279161348220754,2.075781631112427
848,-73.31186501065683,-53.278327387092375,2.7144176165949063
849,-73.29687417132395,-53.27811418726504,2.7144176165949063
850,-73.16196544333809,-53.27611062847592,2.5873402367724454
851,-73.14697659617597,-53.27587859405096,2.5873402367724454
852,-73.13198795747991,-53.27564467648174,2.418271175121957
853,-72.77232753704129,-53.26946587273344,2.418271175121957
854,-72.75734465593627,-53.26918489705415,2.418271175121957
855,-72.72737965176964,-53.268617301420285,2.7144176165949063
856,-72.71239753206146,-53.268330681609385,2.7144176165949063
857,-72.69741566950538,-53.26804218056579,2.7981664143395273
858,-72.68243406577764,-53.26775179836253,2.615320972023661
859,-72.42778802654942,-53.26252755654133,2.904191221840857
860,-72.41281136816073,-53.262203326492624,3.2598444275495893
861,-72.29300870459967,-53.259541824538125,3.1072325059538586
862,-72.2780347221731,-53.2592006803605,3.1072325059538586
863,-72.02352515326508,-53.25311382642045,3.2598444275495893
864,-72.00855692858458,-53.25273887529431,3.2598444275495893
865,-74.30145309720497,-53.29721968886631,3.6840314986403864
866,-74.28645018655872,-53.29713088167849,3.6840314986403864
867,-74.27144735633198,-53.29704018762347,3.6840314986403864
868,-74.25644460821475,-53.296947606724245,3.54953665975557
869,-74.21143687342041,-53.296658543198696,3.6840314986403864
870,-74.1964344706411,-53.29655841516239,3.6840314986403864
871,-74.10642201484386,-53.295918026706666,3.162277660168379
872,-74.09142028145992,-53.295804692177185,2.8172691138478405
873,-73.76141104153918,-53.29283409627994,4.424289570749671
874,-73.74641209026188,-53.292677379788636,4.262769748452453
875,-73.73141328020195,-53.29251877756006,4.262769748452453
876,-73.62642570558344,-53.29135576475618,4.063205168887381
877,-73.5664361723643,-53.290649706233694,3.2598444275495893
878,-73.55143918848742,-53.29046847843251,3.2598444275495893
879,-73.53644236775375,-53.29028536545432,2.904191221840857
880,-73.371488589198,-53.28814671463279,2.418271175121957
881,-73.35649385764346,-53.28794098328887,2.075781631112427
882,-73.34149931113846,-53.2877333674088,2.418271175121957
883,-73.32650495136724,-53.28752386704523,2.418271175121957
884,-73.3115107800139,-53.28731248225129,2.418271175121957
885,-73.2965167987624,-53.287099213080516,2.418271175121957
886,-73.28152300929652,-53.28688405958705,2.7144176165949063
887,-73.13159603319077,-53.28462889913721,2.5873402367724454
888,-73.11660446445957,-53.28439302179829,2.418271175121957
889,-73.101613107709,-53.28415526082256,2.418271175121957
890,-72.77186029292471,-53.27844808625988,2.418271175121957
891,-72.75687427563156,-53.278167019230985,2.418271175121957
892,-72.72690299963429,-53.27759923906652,2.7144176165949063
893,-72.42724869814614,-53.271507514663035,2.904191221840857
894,-72.30741861487546,-53.268860187746995,3.1072325059538586
895,-72.29244119842978,-53.268520812327296,3.1072325059538586
896,-72.27746408621755,-53.26817955728992,2.904191221840857
897,-72.2624872799107,-53.267836422721146,2.904191221840857
898,-72.2475107811809,-53.267491408707826,2.904191221840857
899,-72.23253459169966,-53.267144515337236,3.1072325059538586
900,-72.21755871313825,-53.266795742697106,3.1072325059538586
901,-72.20258314716767,-53.26644509087569,3.1072325059538586
902,-72.18760789545875,-53.266092559961656,3.1072325059538586
903,-72.17263295968213,-53.26573815004419,3.1072325059538586
904,-72.11273640930249,-53.26430172213982,3.1072325059538586
905,-72.02290134556208,-53.262090725634614,3.2598444275495893
906,-74.30130639896088,-53.30620799215734,3.6840314986403864
907,-74.28630033827541,-53.30611915606876,3.6840314986403864
908,-74.27129435806744,-53.30602843249907,3.162277660168379
909,-74.24128264584901,-53.30584132300882,3.162277660168379
910,-74.226276917221,-53.305744937135806,3.54953665975557
911,-74.21127127583532,-53.305646663876615,3.6840314986403864
912,-74.1212393543052,-53.305017390643215,2.8172691138478405
913,-74.106234370962,-53.3049059064064,2.8172691138478405
914,-73.7311469315104,-53.30150555118616,4.262769748452453
915,-73.58113550404705,-53.29981527268659,3.6590516533172073
916,-73.5361351168047,-53.29927141245142,3.2598444275495893
917,-73.52113531537017,-53.29908635415787,2.904191221840857
918,-73.50613568057042,-53.298899410167905,2.904191221840857
919,-73.49113621409224,-53.29871058052897,2.7144176165949063
920,-73.28116230148505,-53.29586900013274,2.7144176165949063
921,-73.10121468954537,-53.293139313811835,2.5873402367724454
922,-73.08622040489958,-53.29289959131931,2.5873402367724454
923,-73.07122633575328,-53.29265798469929,2.418271175121957
924,-73.05623248378932,-53.292414494013016,2.418271175121957
925,-73.04123885069043,-53.29216911932219,2.075781631112427
926,-73.02624543813914,-53.29192186068906,1.6475489724420656
927,-72.77139279818267,-53.287430283325904,2.418271175121957
928,-72.72642609183939,-53.28658116013713,2.7144176165949063
929,-72.71143769917335,-53.286294353925555,2.7144176165949063
930,-72.45667579401203,-53.281130694049196,2.492882871678434
931,-72.44169229343423,-53.28081001524828,2.5873402367724454
932,-72.42670908056606,-53.28048745538261,2.5873402367724454
933,-72.32183478704967,-53.2781768734299,3.1072325059538586
934,-72.30685393614853,-53.27783926802602,3.1072325059538586
935,-72.1720401038464,-53.27471621572774,2.904191221840857
936,-72.15706235600871,-53.2743598111196,2.904191221840857
937,-72.14208492767344,-53.27400152707923,2.904191221840857
938,-72.1271078205117,-53.273641363697216,3.1072325059538586
939,-72.1121310361944,-53.273279321064685,2.904191221840857
940,-72.0222772035651,-53.271067606170554,3.2598444275495893
941,-74.28615040951465,-53.31510741653973,3.6840314986403864
942,-74.25613222798165,-53.31492402227398,3.54953665975557
943,-74.24112326224967,-53.31482949305622,3.3833625914958207
944,-74.1210547606078,-53.314005292540344,2.8172691138478405
945,-73.89594410417529,-53.312134280866154,4.135185542000137
946,-73.61084488639904,-53.30915474084602,3.9148676411688634
947,-73.59584112929763,-53.308979054584626,3.9148676411688634
948,-73.58083753050924,-53.30880148178372,3.6590516533172073
949,-73.56583409172251,-53.308622022488365,3.2598444275495893
950,-73.49081935690646,-53.30769643020574,2.7144176165949063
951,-73.47581691358373,-53.30750565291685,2.935598535244139
952,-73.2808014000648,-53.30485392536405,2.075781631112427
953,-73.26580151573377,-53.30463674637916,2.418271175121957
954,-73.25080182683699,-53.30441768195655,2.904191221840857
955,-73.23580233506026,-53.30419673215176,3.0468307578901648
956,-73.22080304208932,-53.30397389702085,3.0468307578901648
957,-73.07082141744694,-53.301641865445376,2.5873402367724454
958,-73.05582442255395,-53.301398295562386,2.5873402367724454
959,-73.0258310915201,-53.30090550200944,2.418271175121957
960,-72.77092505263467,-53.29641246393067,2.329986101501426
961,-72.71095739653822,-53.29527616516088,2.615320972023661
962,-72.45614215778916,-53.290110826467455,2.5873402367724454
963,-72.35124181034041,-53.28782583284642,3.1072325059538586
964,-72.33625722490228,-53.28749187980933,3.1072325059538586
965,-72.32127293911135,-53.28715604567959,2.993795165523909
966,-72.11152533857117,-53.28225690160854,2.5873402367724454
967,-72.02165272703382,-53.28004446802582,3.2598444275495893
968,-74.25597591201458,-53.32391220913356,3.54953665975557
969,-74.24096379303742,-53.32381764914754,3.54953665975557
970,-74.225951759735,-53.3237212005224,3.54953665975557
971,-74.1358814539239,-53.32310284875533,3.3833625914958207
972,-74.12087006776052,-53.322993180369124,3.162277660168379
973,-74.060825532251,-53.32253562281303,3.3833625914958207
974,-73.89571212984262,-53.32112155975242,4.135185542000137
975,-73.625560115048,-53.318314906348654,4.063205168887381
976,-73.58053939696978,-53.31778767610379,3.6590516533172073
977,-73.56553280892462,-53.31760815841324,3.1072325059538586
978,-73.5505263826862,-53.317426753660435,2.904191221840857
979,-73.5355201199441,-53.317243461891444,3.2598444275495893
980,-73.47549673772652,-53.31649142559133,3.1408356049500394
981,-73.43048100054705,-53.31590758702386,2.7144176165949063
982,-73.41547610658651,-53.31570920084055,2.7144176165949063
983,-73.40047139132324,-53.315508928077044,2.615320972023661
984,-73.22042936098853,-53.31295852063832,2.904191221840857
985,-73.20542712238411,-53.312733727131416,2.904191221840857
986,-73.19042508610214,-53.31250704779938,2.904191221840857
987,-73.04041622197055,-53.31013654698606,2.5873402367724454
988,-73.02541652251085,-53.30988912747846,2.5873402367724454
989,-73.01041704560154,-53.30963982286736,2.154434690031884
990,-72.99541779292734,-53.30938863321602,2.418271175121957
991,-72.77045705610007,-53.305394628073415,2.329986101501426
992,-72.74046643708613,-53.30483006156754,2.329986101501426
993,-72.72547150853454,-53.30454495254783,2.7144176165949063
994,-72.71047683619518,-53.30425795977976,2.492882871678434
995,-72.51557017582132,-53.30035566644857,2.492882871678434
996,-72.50057926690181,-53.30004230905915,2.492882871678434
997,-72.48558863939387,-53.29972706906259,2.5873402367724454
998,-72.4705982949759,-53.29940994653872,2.5873402367724454
999,-72.45560823532612,-53.299090941567904,2.5873402367724454
