,geometry,Rt_ssp5
0,POINT Z (-68.72935891380267 -56.45903949785817 0),4.135185542000137
1,POINT Z (-68.71279327595431 -56.50392370616238 0),4.135185542000137
2,POINT Z (-68.71265737527374 -56.5218918702662 0),4.135185542000137
3,POINT Z (-68.6964039779966 -56.52185322621331 0),4.135185542000137
4,POINT Z (-27.56246473776706 -56.27493827346451 0),3.6840314986403864
5,POINT Z (-27.57874833615175 -56.28384794189366 0),3.6840314986403864
6,POINT Z (-27.5625966246447 -56.28392237571942 0),3.6840314986403864
7,POINT Z (-27.54644483746468 -56.28399470297138 0),3.6840314986403864
8,POINT Z (-27.59503950837073 -56.292755439454 0),3.6840314986403864
9,POINT Z (-27.57888408673618 -56.29283200568292 0),3.6840314986403864
10,POINT Z (-27.54657301192183 -56.29297881632784 0),3.54953665975557
11,POINT Z (-27.53041736308924 -56.29304906070178 0),3.6840314986403864
12,POINT Z (-27.59517912700734 -56.30173946404391 0),3.6840314986403864
13,POINT Z (-27.54670125993805 -56.30196291637089 0),3.54953665975557
14,POINT Z (-27.59531882578696 -56.31072347528665 0),3.6840314986403864
15,POINT Z (-27.57915582168543 -56.31080009325322 0),3.6840314986403864
16,POINT Z (-27.56299273955458 -56.3108746025322 0),3.6840314986403864
17,POINT Z (-27.54682958157141 -56.3109470031022 0),3.54953665975557
18,POINT Z (-27.56312492948276 -56.31985865149102 0),3.6840314986403864
19,POINT Z (-27.16044419721419 -56.68040352567466 0),3.54953665975557
20,POINT Z (-27.17680803547813 -56.68936533648812 0),3.54953665975557
21,POINT Z (-27.1604824007767 -56.68938743539699 0),3.54953665975557
22,POINT Z (-27.14415674393812 -56.68940739503821 0),3.54953665975557
23,POINT Z (-27.19317964866299 -56.6983249792338 0),3.54953665975557
24,POINT Z (-27.17685014977396 -56.6983492256398 0),3.54953665975557
25,POINT Z (-27.14419108102393 -56.69839129848099 0),3.4199518933533937
26,POINT Z (-27.12786151567038 -56.6984091249039 0),3.4199518933533937
27,POINT Z (-27.19322567819776 -56.70730884708218 0),3.54953665975557
28,POINT Z (-27.12789198177379 -56.70739302134808 0),3.4199518933533937
29,POINT Z (-27.11155850787529 -56.70740871309622 0),3.54953665975557
30,POINT Z (-27.09522501857089 -56.70742226410695 0),3.54953665975557
31,POINT Z (-27.20960899051648 -56.71626629753961 0),3.54953665975557
32,POINT Z (-27.19327173441611 -56.71629270186501 0),3.54953665975557
33,POINT Z (-27.12792246553866 -56.71637690474028 0),3.4199518933533937
34,POINT Z (-27.11158509848697 -56.7163926018218 0),3.54953665975557
35,POINT Z (-27.09524771601708 -56.71640615743831 0),3.54953665975557
36,POINT Z (-27.19331781733936 -56.72527654358399 0),3.54953665975557
37,POINT Z (-27.1769766391909 -56.72530081472117 0),3.54953665975557
38,POINT Z (-27.16063543657529 -56.72532294368749 0),3.54953665975557
39,POINT Z (-27.14429421175164 -56.72534293047645 0),3.54953665975557
40,POINT Z (-27.12795296697911 -56.72536077508227 0),3.54953665975557
41,POINT Z (-26.71876279177542 -57.06074256364994 0),3.3833625914958207
42,POINT Z (-26.70227465707819 -57.06070447226679 0),3.3833625914958207
43,POINT Z (-26.68578656441698 -57.06066421133337 0),3.3833625914958207
44,POINT Z (-26.66929851611956 -57.06062178086169 0),3.3833625914958207
45,POINT Z (-26.70220273124503 -57.06968774521884 0),3.3833625914958207
46,POINT Z (-26.66921862409766 -57.06960502555538 0),3.2598444275495893
47,POINT Z (-26.70213076334186 -57.07867100514474 0),3.3833625914958207
48,POINT Z (-26.68563470212639 -57.07863071668768 0),3.3833625914958207
49,POINT Z (-26.66913868534649 -57.07858825720928 0),3.2598444275495893
50,POINT Z (-26.6855587043457 -57.08761394981746 0),3.3833625914958207
51,POINT Z (-26.66905869982827 -57.08757147582517 0),3.3833625914958207
52,POINT Z (-26.65255874211574 -57.087526830082 0),3.3833625914958207
53,POINT Z (-26.78450748254423 -57.09680647797619 0),3.54953665975557
54,POINT Z (-26.7680032559411 -57.09677702466521 0),3.54953665975557
55,POINT Z (-26.7844553509119 -57.10578975661746 0),3.54953665975557
56,POINT Z (-26.7679471317148 -57.10576029323553 0),3.54953665975557
57,POINT Z (-26.76789097463126 -57.11474354880993 0),3.54953665975557
58,POINT Z (-26.46139143904179 -57.75159703138884 0),3.3833625914958207
59,POINT Z (-26.47806293097877 -57.76064935985735 0),3.3833625914958207
60,POINT Z (-26.46125782149232 -57.76057903662532 0),3.3833625914958207
61,POINT Z (-26.44445279153723 -57.76050648515758 0),3.3833625914958207
62,POINT Z (-26.4947427604491 -57.76969949489007 0),3.3833625914958207
63,POINT Z (-26.47793340387287 -57.76963137638055 0),3.3833625914958207
64,POINT Z (-26.44431492454721 -57.7694884523014 0),3.2598444275495893
65,POINT Z (-26.51143093254077 -57.77874743419287 0),3.3833625914958207
66,POINT Z (-26.49461732874933 -57.77868152195558 0),3.3833625914958207
67,POINT Z (-26.44417697547789 -57.77847040641669 0),3.1072325059538586
68,POINT Z (-26.42736368536942 -57.77839557503322 0),3.2598444275495893
69,POINT Z (-26.49449182235532 -57.78766353603047 0),3.3833625914958207
70,POINT Z (-26.42722147934526 -57.78737749025137 0),3.2598444275495893
71,POINT Z (-26.49436624120527 -57.79664553711653 0),3.3833625914958207
72,POINT Z (-26.42707918861973 -57.79635939243165 0),3.2598444275495893
73,POINT Z (-26.41025763118117 -57.7962822780219 0),3.2598444275495893
74,POINT Z (-26.39343616100228 -57.79620293236292 0),3.3833625914958207
75,POINT Z (-26.49424058523731 -57.80562752521563 0),3.3833625914958207
76,POINT Z (-26.47741452366262 -57.80555931245068 0),3.3833625914958207
77,POINT Z (-26.4605885394583 -57.80548886757455 0),3.3833625914958207
78,POINT Z (-26.44376263511488 -57.80541619060885 0),3.3833625914958207
79,POINT Z (-26.42693681312273 -57.80534128157584 0),3.2598444275495893
80,POINT Z (-26.4101110759722 -57.80526414049858 0),3.3833625914958207
81,POINT Z (-26.39328542615355 -57.80518476740061 0),3.3833625914958207
82,POINT Z (-26.46045444373284 -57.81447079473028 0),3.3833625914958207
83,POINT Z (-26.44362435704873 -57.8143980926276 0),3.3833625914958207
84,POINT Z (-26.43474378770529 -58.38023174669271 0),3.162277660168379
85,POINT Z (-26.41764518812039 -58.38015515309316 0),3.162277660168379
86,POINT Z (-26.40054667803611 -58.38007627726223 0),2.8172691138478405
87,POINT Z (-26.38344826007942 -58.37999511922486 0),2.8172691138478405
88,POINT Z (-26.36634993687721 -58.37991167900657 0),2.8172691138478405
89,POINT Z (-26.34925171105628 -58.37982595663366 0),2.8172691138478405
90,POINT Z (-26.33215358524332 -58.37973795213316 0),2.8172691138478405
91,POINT Z (-26.31505556206492 -58.37964766553277 0),2.8172691138478405
92,POINT Z (-26.29795764414762 -58.37955509686095 0),2.8172691138478405
93,POINT Z (-26.28085983411779 -58.37946024614688 0),2.8172691138478405
94,POINT Z (-26.43460009392141 -58.38921281907162 0),3.162277660168379
95,POINT Z (-26.28067702883411 -58.38844104903984 0),2.8172691138478405
96,POINT Z (-26.26357498403246 -58.38834388238566 0),2.8172691138478405
97,POINT Z (-26.43445631319065 -58.3981938785465 0),2.8172691138478405
98,POINT Z (-26.26338772022774 -58.39732463829277 0),2.7144176165949063
99,POINT Z (-26.24628144084306 -58.39722515411772 0),3.162277660168379
100,POINT Z (-26.45142417814299 -58.40724931437579 0),3.162277660168379
101,POINT Z (-26.43431244543966 -58.40717492511916 0),2.8172691138478405
102,POINT Z (-26.26320034309203 -58.40630538114345 0),2.5873402367724454
103,POINT Z (-26.4512845773112 -58.41623037404536 0),3.162277660168379
104,POINT Z (-26.26301285252968 -58.41528611093944 0),2.7144176165949063
105,POINT Z (-26.4511448919482 -58.42521142082965 0),2.8172691138478405
106,POINT Z (-26.43402444858301 -58.42513697956532 0),2.8172691138478405
107,POINT Z (-26.26282524844491 -58.42426682768242 0),2.5873402367724454
108,POINT Z (-26.43388031933021 -58.43411798744247 0),2.8172691138478405
109,POINT Z (-26.4167556039924 -58.43404123311036 0),2.8172691138478405
110,POINT Z (-26.26263753074184 -58.43324753137416 0),2.5873402367724454
111,POINT Z (-26.41660702557115 -58.44302220125623 0),2.8172691138478405
112,POINT Z (-26.39947803841045 -58.44294313226823 0),2.8172691138478405
113,POINT Z (-26.26244969932451 -58.44222822201628 0),2.5873402367724454
114,POINT Z (-26.39932500553785 -58.45192405985747 0),2.8172691138478405
115,POINT Z (-26.38219174670861 -58.45184267462511 0),2.8172691138478405
116,POINT Z (-26.36505858327592 -58.45175900082418 0),2.8172691138478405
117,POINT Z (-26.26226175409682 -58.45120889961056 0),2.5873402367724454
118,POINT Z (-26.36489672375869 -58.46073985776539 0),2.8172691138478405
119,POINT Z (-26.34775929154396 -58.46065386535737 0),2.8172691138478405
120,POINT Z (-26.33062196009997 -58.46056558363414 0),2.8172691138478405
121,POINT Z (-26.31348473207336 -58.46047501262364 0),2.8172691138478405
122,POINT Z (-26.26207369496254 -58.46018956415867 0),2.5873402367724454
123,POINT Z (-26.24493690706968 -58.46008983629282 0),2.7144176165949063
124,POINT Z (-26.31330966628044 -58.4694557639756 0),2.8172691138478405
125,POINT Z (-26.29616817511028 -58.46936287122431 0),2.8172691138478405
126,POINT Z (-26.27902679274241 -58.46926768844319 0),2.8172691138478405
127,POINT Z (-26.24474436500763 -58.46907045291263 0),2.8172691138478405
128,POINT Z (-26.27884287717568 -58.47824836100484 0),2.8172691138478405
129,POINT Z (-26.26169723458889 -58.47815085412331 0),2.8172691138478405
130,POINT Z (-26.24455170619792 -58.47805105647196 0),3.162277660168379
131,POINT Z (158.9156670335321 -54.49117982416229 0),3.5115609594099815
132,POINT Z (158.9311049631826 -54.4911896066026 0),3.5115609594099815
133,POINT Z (158.9465429011531 -54.49119741785574 0),3.5115609594099815
134,POINT Z (158.9619808455791 -54.49120325791965 0),3.5115609594099815
135,POINT Z (158.9002072249564 -54.50015523049898 0),3.5115609594099815
136,POINT Z (158.9156485313952 -54.50016698800057 0),3.5115609594099815
137,POINT Z (158.9619725043996 -54.50019042948706 0),3.5115609594099815
138,POINT Z (158.9001853237894 -54.5091423770107 0),3.5115609594099815
139,POINT Z (158.9619641586254 -54.50917758760973 0),3.224968079727227
140,POINT Z (158.8847153366494 -54.51811577168129 0),3.5115609594099815
141,POINT Z (158.900163410556 -54.5181295100741 0),3.5115609594099815
142,POINT Z (158.961955808253 -54.51816473228914 0),3.224968079727227
143,POINT Z (158.9001414852469 -54.52711662969061 0),3.5115609594099815
144,POINT Z (158.9464959496887 -54.52714601575287 0),3.0142333957676035
145,POINT Z (158.961947453279 -54.52715186352675 0),3.224968079727227
146,POINT Z (158.9001195478532 -54.53610373586172 0),3.5115609594099815
147,POINT Z (158.9464841956473 -54.53613313162056 0),3.0142333957676035
148,POINT Z (158.9000975983658 -54.54509082858888 0),3.5115609594099815
149,POINT Z (158.9310141472245 -54.5451124073202 0),3.0142333957676035
150,POINT Z (158.9464724351262 -54.5451202340486 0),3.0142333957676035
151,POINT Z (158.8846139813856 -54.55406415133771 0),3.5115609594099815
152,POINT Z (158.9000756367759 -54.55407790787363 0),3.5115609594099815
153,POINT Z (158.9309989820173 -54.55409949372687 0),3.0142333957676035
154,POINT Z (158.8845886076313 -54.56305121264073 0),3.6840314986403864
155,POINT Z (158.9309838084465 -54.56308656669568 0),3.162277660168379
156,POINT Z (158.9464488946252 -54.56309439859156 0),3.3833625914958207
157,POINT Z (158.8845632198807 -54.5720382605023 0),3.6840314986403864
158,POINT Z (158.9464371146357 -54.57208146070948 0),3.3833625914958207
159,POINT Z (158.8845378181233 -54.58102529492388 0),3.6840314986403864
160,POINT Z (158.9309534361892 -54.58106067232578 0),3.162277660168379
161,POINT Z (158.946425328147 -54.58106850939365 0),3.3833625914958207
162,POINT Z (158.8690371495174 -54.58999656285091 0),3.82362245665865
163,POINT Z (158.8845124023486 -54.59001231590693 0),3.82362245665865
164,POINT Z (158.9309382374901 -54.59004770499004 0),3.2820989397273532
165,POINT Z (158.8690083121625 -54.59898356519496 0),3.82362245665865
166,POINT Z (158.9309230304023 -54.59903472422239 0),3.2820989397273532
167,POINT Z (158.8689794588884 -54.60797055410116 0),3.82362245665865
168,POINT Z (158.9154257086037 -54.60801190552851 0),3.2820989397273532
169,POINT Z (158.9309078149197 -54.60802173002433 0),3.2820989397273532
170,POINT Z (158.853465124493 -54.61693978060048 0),3.82362245665865
171,POINT Z (158.8689505896829 -54.61695752957106 0),3.82362245665865
172,POINT Z (158.9154070733764 -54.61699889465657 0),3.2820989397273532
173,POINT Z (158.8534328261564 -54.62592673677251 0),3.82362245665865
174,POINT Z (158.9153884278577 -54.62598587035581 0),3.2820989397273532
175,POINT Z (158.8534005099792 -54.6349136795086 0),3.82362245665865
176,POINT Z (158.8998774363473 -54.63496101677131 0),3.2820989397273532
177,POINT Z (158.9153697720397 -54.63497283262767 0),3.2820989397273532
178,POINT Z (158.8533681759481 -54.64390060881021 0),3.82362245665865
179,POINT Z (158.8688638863593 -54.64391837537761 0),3.82362245665865
180,POINT Z (158.8998553532307 -54.64394796171332 0),3.2820989397273532
181,POINT Z (158.8688349533091 -54.65290529711708 0),3.82362245665865
182,POINT Z (158.8998332579114 -54.65293489322926 0),3.2820989397273532
183,POINT Z (158.8533034542708 -54.6618744271161 0),3.82362245665865
184,POINT Z (158.8688060042677 -54.66189220542763 0),3.82362245665865
185,POINT Z (158.8998111503801 -54.66192181132067 0),3.2820989397273532
186,POINT Z (158.8377651118795 -54.67084154770976 0),3.82362245665865
187,POINT Z (158.8532710665976 -54.67086131612336 0),3.82362245665865
188,POINT Z (158.884283027864 -54.67089490026746 0),3.2820989397273532
189,POINT Z (158.8997890306275 -54.67090871598896 0),3.5115609594099815
190,POINT Z (158.8377292817912 -54.67982841675412 0),3.82362245665865
191,POINT Z (158.8532386610169 -54.67984819170212 0),3.82362245665865
192,POINT Z (158.8842574713375 -54.67988178694738 0),3.2820989397273532
193,POINT Z (158.8532062375152 -54.68883505385389 0),3.82362245665865
194,POINT Z (158.8842319006776 -54.68886866020527 0),3.2820989397273532
195,POINT Z (158.8376575621552 -54.69780211455475 0),3.82362245665865
196,POINT Z (158.8531737960789 -54.69782190258019 0),3.82362245665865
197,POINT Z (158.8686900479507 -54.69783970441106 0),3.2820989397273532
198,POINT Z (158.8842063158737 -54.69785552004254 0),3.5115609594099815
199,POINT Z (158.8376216725777 -54.70678894331398 0),3.82362245665865
200,POINT Z (158.8686610187733 -54.70682654559966 0),3.2820989397273532
201,POINT Z (158.8375857631407 -54.71577575864786 0),3.82362245665865
202,POINT Z (158.8686319735326 -54.71581337336838 0),3.2820989397273532
203,POINT Z (158.8375498338292 -54.72476256055785 0),3.82362245665865
204,POINT Z (158.8686029122164 -54.72480018771871 0),3.2820989397273532
205,POINT Z (158.8375138846284 -54.73374934904545 0),3.82362245665865
206,POINT Z (158.8685738348128 -54.73378698865214 0),3.2820989397273532
207,POINT Z (158.8219445315571 -54.74271431386667 0),3.82362245665865
208,POINT Z (158.8374779155231 -54.74273612411218 0),3.82362245665865
209,POINT Z (158.8685447413094 -54.74277377617017 0),3.5115609594099815
210,POINT Z (158.8219051028495 -54.75170106829832 0),3.82362245665865
211,POINT Z (158.8374419264985 -54.75172288575953 0),3.82362245665865
212,POINT Z (158.8529787700819 -54.75174271308665 0),3.82362245665865
213,POINT Z (158.8685156316944 -54.75176055027435 0),3.82362245665865
214,POINT Z (158.8684865059554 -54.76074731096614 0),3.82362245665865
215,POINT Z (-74.36399974818519 -53.12677357101579 0),3.9842201896584473
216,POINT Z (-74.34905606789827 -53.12669281187789 0),3.9842201896584473
217,POINT Z (-74.33411246027048 -53.12661017740261 0),3.7976961046237077
218,POINT Z (-74.31916892696916 -53.12652566761076 0),3.6590516533172073
219,POINT Z (-74.25939557037456 -53.12616887571093 0),3.0468307578901648
220,POINT Z (-74.24445243371453 -53.12607498966537 0),3.0468307578901648
221,POINT Z (-74.19962353638006 -53.12578208053598 0),3.2598444275495893
222,POINT Z (-74.12491051632003 -53.12525639685037 0),2.7144176165949063
223,POINT Z (-74.09502598027619 -53.12503299836075 0),3.0468307578901648
224,POINT Z (-74.34892021059611 -53.13568146197505 0),3.9842201896584473
225,POINT Z (-74.31902683312614 -53.13551426340831 0),3.0468307578901648
226,POINT Z (-74.30408025762942 -53.13542785025773 0),3.8387662073329687
227,POINT Z (-74.1994564986506 -53.13477043477206 0),3.0468307578901648
228,POINT Z (-74.18451059160084 -53.13466901521101 0),3.2598444275495893
229,POINT Z (-74.16956477561358 -53.13456571995877 0),3.2598444275495893
230,POINT Z (-74.06494675355117 -53.13379013608876 0),3.0468307578901648
231,POINT Z (-74.05000172610401 -53.1336718362849 0),3.0468307578901648
232,POINT Z (-74.03505680472834 -53.13355166104135 0),2.7144176165949063
233,POINT Z (-73.96033384727531 -53.13292265430609 0),3.2598444275495893
234,POINT Z (-73.94538959733929 -53.1327912270776 0),3.2598444275495893
235,POINT Z (-73.87067014710803 -53.1321059633508 0),2.904191221840857
236,POINT Z (-73.85572662861763 -53.13196328533049 0),2.904191221840857
237,POINT Z (-73.8108968462527 -53.13152400136302 0),2.904191221840857
238,POINT Z (-73.7959538487203 -53.13137382352809 0),2.5873402367724454
239,POINT Z (-73.76606825853521 -53.13106784331602 0),2.492882871678434
240,POINT Z (-73.75112566921416 -53.13091204101603 0),2.5873402367724454
241,POINT Z (-73.67641484694769 -53.13010490916214 0),2.7144176165949063
242,POINT Z (-73.63159011301039 -53.12959813524017 0),2.904191221840857
243,POINT Z (-73.61664883825877 -53.12942546171728 0),2.7144176165949063
244,POINT Z (-73.57182594699286 -53.12889619511119 0),2.7144176165949063
245,POINT Z (-73.55688529978229 -53.12871602437828 0),3.0468307578901648
246,POINT Z (-73.33279584891712 -53.12578858712209 0),3.3833625914958207
247,POINT Z (-74.36373419923669 -53.14475090979965 0),4.135185542000137
248,POINT Z (-74.34878428058268 -53.14467009817867 0),3.9842201896584473
249,POINT Z (-74.30393496788035 -53.14441640406404 0),3.0468307578901648
250,POINT Z (-74.28898535029855 -53.14432808634643 0),3.4199518933533937
251,POINT Z (-74.27403581215896 -53.14423789215918 0),3.2598444275495893
252,POINT Z (-74.25908635513112 -53.14414582152504 0),3.2598444275495893
253,POINT Z (-74.19928937152662 -53.14375877499155 0),3.487750563206434
254,POINT Z (-74.06475155447933 -53.14277815783245 0),3.487750563206434
255,POINT Z (-74.00495961326378 -53.14229354871917 0),3.487750563206434
256,POINT Z (-73.99001190167112 -53.14216770647246 0),3.2598444275495893
257,POINT Z (-73.96011681861749 -53.14191039423761 0),3.2598444275495893
258,POINT Z (-73.94516945049283 -53.14177892431436 0),3.2598444275495893
259,POINT Z (-73.93022220019365 -53.14164557856461 0),2.904191221840857
260,POINT Z (-73.8554877744554 -53.1409507136124 0),2.904191221840857
261,POINT Z (-73.84054126613312 -53.14080611362664 0),3.1408356049500394
262,POINT Z (-73.81064863965388 -53.1405112869488 0),3.2598444275495893
263,POINT Z (-73.7957025248315 -53.14036106033107 0),3.2598444275495893
264,POINT Z (-73.75086499403884 -53.13989912781869 0),3.2598444275495893
265,POINT Z (-73.67613858831116 -53.13909173379274 0),2.418271175121957
266,POINT Z (-73.66119374400415 -53.13892462937614 0),2.615320972023661
267,POINT Z (-73.63130450555941 -53.13858479526583 0),2.7144176165949063
268,POINT Z (-73.61636011475387 -53.13841206565781 0),2.418271175121957
269,POINT Z (-73.6014158784475 -53.1382374610725 0),2.418271175121957
270,POINT Z (-73.58647179830611 -53.13806098155388 0),2.220906154852325
271,POINT Z (-73.57152787599544 -53.13788262714647 0),2.7144176165949063
272,POINT Z (-73.55658411318112 -53.13770239789525 0),2.904191221840857
273,POINT Z (-73.51175379837062 -53.13715046153549 0),3.2598444275495893
274,POINT Z (-73.49681069019552 -53.13696273336821 0),3.3833625914958207
275,POINT Z (-73.31750695834558 -53.13456378964366 0),3.54953665975557
276,POINT Z (-73.3025661616946 -53.13435169538561 0),3.2598444275495893
277,POINT Z (-73.01872891764975 -53.12996591705357 0),3.487750563206434
278,POINT Z (-72.91417681086966 -53.12817965296019 0),3.487750563206434
279,POINT Z (-72.89924171296082 -53.12791698226079 0),3.2598444275495893
280,POINT Z (-74.39350761059382 -53.15389560254881 0),3.6840314986403864
281,POINT Z (-74.36360131814749 -53.15373955836881 0),3.6840314986403864
282,POINT Z (-74.31874241724044 -53.15349141325619 0),2.7144176165949063
283,POINT Z (-74.30378960035867 -53.15340494394368 0),2.7144176165949063
284,POINT Z (-74.28883686130533 -53.15331659752962 0),3.0468307578901648
285,POINT Z (-74.27388420175126 -53.15322637403634 0),3.2598444275495893
286,POINT Z (-74.25893162336718 -53.15313427348665 0),3.0468307578901648
287,POINT Z (-74.0197027714426 -53.15140540543376 0),3.487750563206434
288,POINT Z (-74.00475182851405 -53.15128139886769 0),3.6590516533172073
289,POINT Z (-73.98980099681816 -53.15115551573609 0),3.4199518933533937
290,POINT Z (-73.97485027802441 -53.15102775607069 0),3.2598444275495893
291,POINT Z (-73.92999881574957 -53.15063321819651 0),2.904191221840857
292,POINT Z (-73.91504856525749 -53.15049795272308 0),2.904191221840857
293,POINT Z (-73.90009843601369 -53.1503608108818 0),2.7981664143395273
294,POINT Z (-73.88514842968712 -53.15022179270726 0),2.6671682753399955
295,POINT Z (-73.87019854794671 -53.15008089823455 0),2.6671682753399955
296,POINT Z (-73.84029916489941 -53.1497934805373 0),2.904191221840857
297,POINT Z (-73.82534966692985 -53.14964695738528 0),3.2598444275495893
298,POINT Z (-73.7954510664416 -53.14934828265931 0),2.904191221840857
299,POINT Z (-73.7805019672597 -53.14919613116069 0),3.2598444275495893
300,POINT Z (-73.76555300434363 -53.14904210362272 0),3.2598444275495893
301,POINT Z (-73.75060417936156 -53.14888620008421 0),3.2598444275495893
302,POINT Z (-73.73565549398155 -53.14872842058452 0),3.1408356049500394
303,POINT Z (-73.72070694987157 -53.14856876516344 0),2.492882871678434
304,POINT Z (-73.70575854869945 -53.14840723386128 0),2.329986101501426
305,POINT Z (-73.69081029213299 -53.14824382671877 0),2.418271175121957
306,POINT Z (-73.66091421948751 -53.14791138507807 0),2.329986101501426
307,POINT Z (-73.64596640674353 -53.14774235066375 0),2.418271175121957
308,POINT Z (-73.6310187452752 -53.14757144057683 0),2.7981664143395273
309,POINT Z (-73.5562827654181 -53.14668875657838 0),2.418271175121957
310,POINT Z (-73.51144309949846 -53.14613664093995 0),3.1072325059538586
311,POINT Z (-73.30221183902047 -53.14333696577197 0),3.4199518933533937
312,POINT Z (-73.28726811682128 -53.14312292806985 0),3.4199518933533937
313,POINT Z (-73.27232458587955 -53.14290701586015 0),3.2598444275495893
314,POINT Z (-73.25738124785961 -53.14268922919731 0),3.4199518933533937
315,POINT Z (-72.89880333674303 -53.13690016314938 0),3.487750563206434
316,POINT Z (-72.31641247351843 -53.12519248899024 0),3.0468307578901648
317,POINT Z (-74.36346836591362 -53.1627281930576 0),3.6840314986403864
318,POINT Z (-74.34851220221323 -53.16264732890981 0),3.54953665975557
319,POINT Z (-74.3335561113808 -53.16256458698657 0),3.3833625914958207
320,POINT Z (-74.31860009508854 -53.16247996730871 0),2.8172691138478405
321,POINT Z (-74.28868829281288 -53.16230509477522 0),2.7144176165949063
322,POINT Z (-74.27373251017356 -53.16221484196375 0),2.7144176165949063
323,POINT Z (-74.1391343223079 -53.16131807456948 0),3.2598444275495893
324,POINT Z (-74.04940645412954 -53.16063574372898 0),3.8387662073329687
325,POINT Z (-74.03445217173564 -53.16051545131408 0),3.8387662073329687
326,POINT Z (-74.01949799731273 -53.16039328166195 0),3.4199518933533937
327,POINT Z (-73.97463613857767 -53.16001550959309 0),3.0468307578901648
328,POINT Z (-73.95968241274609 -53.15988583130526 0),3.2598444275495893
329,POINT Z (-73.94472880323882 -53.15975427593916 0),3.1408356049500394
330,POINT Z (-73.91482193987879 -53.15948553410544 0),3.2598444275495893
331,POINT Z (-73.89986868936663 -53.15934834770569 0),2.904191221840857
332,POINT Z (-73.86996255902891 -53.15906834411346 0),2.7981664143395273
333,POINT Z (-73.85500968254341 -53.15892552699167 0),2.7981664143395273
334,POINT Z (-73.82510431528873 -53.15863426227703 0),2.904191221840857
335,POINT Z (-73.78024725374335 -53.15818328958226 0),3.2598444275495893
336,POINT Z (-73.73539141947042 -53.15771542705355 0),2.7981664143395273
337,POINT Z (-73.69053685753975 -53.15723067575361 0),2.329986101501426
338,POINT Z (-73.67558562742762 -53.15706533911587 0),2.418271175121957
339,POINT Z (-73.55598125637762 -53.15567510042806 0),2.418271175121957
340,POINT Z (-73.48123371553226 -53.15474522931657 0),2.904191221840857
341,POINT Z (-73.46628470988642 -53.15455362756133 0),3.1072325059538586
342,POINT Z (-72.89836472604189 -53.14588332788311 0),3.2598444275495893
343,POINT Z (-72.88342363901516 -53.14561861303617 0),3.487750563206434
344,POINT Z (-72.86848278830158 -53.14535202470972 0),3.2598444275495893
345,POINT Z (-72.80872178180547 -53.14426693795957 0),2.5873402367724454
346,POINT Z (-72.79378213757623 -53.1439909832528 0),2.5873402367724454
347,POINT Z (-72.77884273962643 -53.14371315547669 0),2.5873402367724454
348,POINT Z (-72.76390358961648 -53.1434334547013 0),2.5873402367724454
349,POINT Z (-72.74896468920667 -53.14315188099708 0),2.5873402367724454
350,POINT Z (-72.73402604005712 -53.142868434435 0),2.492882871678434
351,POINT Z (-72.71908764382772 -53.14258311508642 0),2.492882871678434
352,POINT Z (-72.31585260979861 -53.13417185323258 0),3.0468307578901648
353,POINT Z (-72.2262733098005 -53.13211743847928 0),3.487750563206434
354,POINT Z (-72.15163238219326 -53.13035399823901 0),3.7315903447241277
355,POINT Z (-72.13670514258531 -53.12999570092764 0),3.360421453712665
356,POINT Z (-72.01729885418071 -53.12706202648205 0),3.1072325059538586
357,POINT Z (-72.00237454645138 -53.12668690656588 0),3.2598444275495893
358,POINT Z (-74.28853964476406 -53.17129357808435 0),3.3833625914958207
359,POINT Z (-74.27358073736754 -53.17120329594243 0),3.0468307578901648
360,POINT Z (-74.25862191125765 -53.17111113552421 0),3.2598444275495893
361,POINT Z (-74.04920781763956 -53.16962368455117 0),3.8387662073329687
362,POINT Z (-73.97442188447711 -53.16900324886929 0),2.935598535244139
363,POINT Z (-73.95946503536564 -53.16887352844304 0),3.0468307578901648
364,POINT Z (-73.91459519316471 -53.16847310116997 0),3.2598444275495893
365,POINT Z (-73.89963881971406 -53.16833587019316 0),3.2598444275495893
366,POINT Z (-73.88468256935722 -53.16819676166413 0),2.904191221840857
367,POINT Z (-73.85477044461008 -53.16791291209053 0),2.904191221840857
368,POINT Z (-73.82485883229255 -53.16762155273581 0),2.904191221840857
369,POINT Z (-73.77999240386335 -53.16717043350987 0),3.2598444275495893
370,POINT Z (-73.73512720358784 -53.16670241896535 0),2.7981664143395273
371,POINT Z (-73.72017241754803 -53.16654265978463 0),2.7981664143395273
372,POINT Z (-73.67530892496836 -53.16605211980949 0),2.7144176165949063
373,POINT Z (-73.64540066789858 -53.16571570821256 0),2.329986101501426
374,POINT Z (-73.63044676576823 -53.16554468705672 0),1.9786024464679264
375,POINT Z (-73.61549301680044 -53.16537178905336 0),2.220906154852325
376,POINT Z (-73.55567958594385 -53.16466142944471 0),2.418271175121957
377,POINT Z (-73.54072662782961 -53.16447914786789 0),2.7144176165949063
378,POINT Z (-73.49586873923057 -53.16392104385243 0),2.7144176165949063
379,POINT Z (-73.48091644384125 -53.16373125624214 0),2.7144176165949063
380,POINT Z (-73.46596431830473 -53.16353959224208 0),2.7144176165949063
381,POINT Z (-73.45101236428937 -53.16334605190055 0),2.904191221840857
382,POINT Z (-73.27160290188041 -53.16087723142302 0),3.54953665975557
383,POINT Z (-73.25665332940684 -53.16065930325966 0),3.54953665975557
384,POINT Z (-73.22675477072228 -53.16021782014451 0),3.0468307578901648
385,POINT Z (-73.21180578784406 -53.1599942653041 0),3.1072325059538586
386,POINT Z (-72.86803771470144 -53.15433500075838 0),3.487750563206434
387,POINT Z (-72.85309398809417 -53.15406645184382 0),3.487750563206434
388,POINT Z (-72.82320725596534 -53.15352373222725 0),2.904191221840857
389,POINT Z (-72.80826425376824 -53.15324956166204 0),2.904191221840857
390,POINT Z (-72.74849470953941 -53.15213414264006 0),2.904191221840857
391,POINT Z (-72.71861143942186 -53.1515651920581 0),2.5873402367724454
392,POINT Z (-72.31529244675687 -53.14315119974052 0),2.935598535244139
393,POINT Z (-72.24062673519623 -53.14144330904541 0),3.7315903447241277
394,POINT Z (-72.22569450970006 -53.1410961182453 0),3.487750563206434
395,POINT Z (-72.13610771340227 -53.13897369216956 0),3.7315903447241277
396,POINT Z (-72.12117768890006 -53.13861340844218 0),3.487750563206434
397,POINT Z (-72.07638954825019 -53.13752133726999 0),3.487750563206434
398,POINT Z (-72.06146081782725 -53.13715357385463 0),3.487750563206434
399,POINT Z (-72.04653241505473 -53.13678394074748 0),3.487750563206434
400,POINT Z (-72.03160434158428 -53.13641243804158 0),3.487750563206434
401,POINT Z (-72.01667659906749 -53.13603906583037 0),3.7315903447241277
402,POINT Z (-74.34823983237175 -53.18062450408014 0),3.6840314986403864
403,POINT Z (-74.33327748990878 -53.18054170836575 0),3.6840314986403864
404,POINT Z (-74.28839091710174 -53.18028204745801 0),3.54953665975557
405,POINT Z (-74.18365844715807 -53.17961041127787 0),3.4199518933533937
406,POINT Z (-74.04900907477311 -53.1786116112119 0),3.9842201896584473
407,POINT Z (-74.03404854334792 -53.17849124060142 0),3.9842201896584473
408,POINT Z (-74.01908812004885 -53.17836899153387 0),3.0468307578901648
409,POINT Z (-74.00412780654916 -53.17824486404012 0),3.0468307578901648
410,POINT Z (-73.97420751564039 -53.17799097390009 0),2.935598535244139
411,POINT Z (-73.94428768400576 -53.17772957043778 0),3.0468307578901648
412,POINT Z (-73.92932794459847 -53.17759605129302 0),3.2598444275495893
413,POINT Z (-73.91436832502821 -53.17746065391734 0),3.2598444275495893
414,POINT Z (-73.89940882696764 -53.17732337834492 0),3.2598444275495893
415,POINT Z (-73.88444945208933 -53.17718422461049 0),2.904191221840857
416,POINT Z (-73.85453107856931 -53.1769002827965 0),3.2598444275495893
417,POINT Z (-73.83957208327232 -53.17675549478869 0),2.904191221840857
418,POINT Z (-73.82461321784697 -53.17660882876224 0),3.2598444275495893
419,POINT Z (-73.80965448396543 -53.17646028475427 0),2.904191221840857
420,POINT Z (-73.77973741752172 -53.17615756294416 0),3.2598444275495893
421,POINT Z (-73.76477908830334 -53.17600338521846 0),3.2598444275495893
422,POINT Z (-73.71990493672281 -53.17552958522756 0),2.904191221840857
423,POINT Z (-73.70494717045935 -53.17536789642561 0),2.904191221840857
424,POINT Z (-73.67503207435573 -53.17503888585851 0),3.2598444275495893
425,POINT Z (-73.66007474785798 -53.17487156417648 0),3.2598444275495893
426,POINT Z (-73.64511757129102 -53.1747023649516 0),2.6671682753399955
427,POINT Z (-73.61520367463315 -53.17435833404473 0),2.075781631112427
428,POINT Z (-73.54042167372981 -53.17346540282687 0),2.7144176165949063
429,POINT Z (-73.48059900229745 -53.17271726820931 0),2.615320972023661
430,POINT Z (-73.45068867975054 -53.1723319387172 0),2.7144176165949063
431,POINT Z (-73.43573377761302 -53.17213645859428 0),2.904191221840857
432,POINT Z (-73.42077905045866 -53.1719391016191 0),3.1072325059538586
433,POINT Z (-73.30114773289576 -53.17029268521446 0),3.54953665975557
434,POINT Z (-73.28619465568906 -53.17007843886771 0),3.4199518933533937
435,POINT Z (-73.24133658075783 -53.16942444204948 0),3.0468307578901648
436,POINT Z (-72.85264556081792 -53.16304932445268 0),3.2598444275495893
437,POINT Z (-72.83769895865974 -53.16277881376678 0),3.487750563206434
438,POINT Z (-72.8227525981449 -53.16250642858974 0),3.2598444275495893
439,POINT Z (-72.7181349802535 -53.16054725242817 0),2.5873402367724454
440,POINT Z (-72.70319061275114 -53.1602598738345 0),2.904191221840857
441,POINT Z (-72.68824650185593 -53.15997062138492 0),2.492882871678434
442,POINT Z (-72.31473198417875 -53.15213052851227 0),2.935598535244139
443,POINT Z (-72.29979512779748 -53.15179258277878 0),3.1408356049500394
444,POINT Z (-72.28485857282396 -53.15145276532315 0),3.1072325059538586
445,POINT Z (-72.26992232091465 -53.15111107623098 0),3.6590516533172073
446,POINT Z (-72.2101803770413 -53.14972560522528 0),3.6590516533172073
447,POINT Z (-72.12057683462213 -53.14759126446579 0),3.7315903447241277
448,POINT Z (-72.1056440256843 -53.14722899315497 0),3.7315903447241277
449,POINT Z (-72.0907115396714 -53.14686485127123 0),3.487750563206434
450,POINT Z (-72.07577937823704 -53.14649883890635 0),3.487750563206434
451,POINT Z (-74.03384656700361 -53.18747911397938 0),4.135185542000137
452,POINT Z (-74.00391957638918 -53.18723265734278 0),3.0468307578901648
453,POINT Z (-73.9889562475737 -53.18710661050116 0),3.4199518933533937
454,POINT Z (-73.97399303198509 -53.18697868468634 0),3.4199518933533937
455,POINT Z (-73.83932946311086 -53.18574280404799 0),3.2598444275495893
456,POINT Z (-73.82436747185761 -53.1855960903571 0),3.2598444275495893
457,POINT Z (-73.80940561224266 -53.18544749807464 0),3.0468307578901648
458,POINT Z (-73.79444388593923 -53.18529702723817 0),3.4199518933533937
459,POINT Z (-73.76452083995943 -53.18499045005575 0),3.4199518933533937
460,POINT Z (-73.74955952362906 -53.18483434378724 0),3.4199518933533937
461,POINT Z (-73.73459834730217 -53.18467635911963 0),3.0468307578901648
462,POINT Z (-73.71963731265156 -53.18451649609282 0),2.904191221840857
463,POINT Z (-73.70467642134986 -53.18435475474722 0),3.2598444275495893
464,POINT Z (-73.65979462426324 -53.18385826120853 0),2.904191221840857
465,POINT Z (-73.64483432308171 -53.18368900700104 0),2.904191221840857
466,POINT Z (-73.6298741736108 -53.18351787468378 0),2.220906154852325
467,POINT Z (-73.61491417752255 -53.18334486429998 0),2.6671682753399955
468,POINT Z (-73.55507576043303 -53.18263404298046 0),2.418271175121957
469,POINT Z (-73.54011655633474 -53.18245164292895 0),2.418271175121957
470,POINT Z (-73.51019864004702 -53.18208120948077 0),2.7144176165949063
471,POINT Z (-73.49523993119998 -53.18189317617767 0),2.7144176165949063
472,POINT Z (-73.48028139077886 -53.18170326521838 0),2.7144176165949063
473,POINT Z (-73.42044894676989 -53.18092484578577 0),2.904191221840857
474,POINT Z (-73.4054912735395 -53.1807255472745 0),2.904191221840857
475,POINT Z (-73.28583645215578 -53.17906357850377 0),3.2598444275495893
476,POINT Z (-73.27088044508594 -53.17884738560924 0),3.3833625914958207
477,POINT Z (-73.25592463149238 -53.1786293158276 0),3.162277660168379
478,POINT Z (-72.97180315260945 -53.17412945748212 0),3.0468307578901648
479,POINT Z (-72.95685155883815 -53.17387386214869 0),3.0468307578901648
480,POINT Z (-72.77745073247169 -53.17066043778888 0),3.487750563206434
481,POINT Z (-72.76250223901862 -53.170380464445 0),3.487750563206434
482,POINT Z (-72.71765826613989 -53.16952929619573 0),2.904191221840857
483,POINT Z (-72.68776355708893 -53.16895247789832 0),2.6671682753399955
484,POINT Z (-72.26935222913967 -53.16009005634263 0),3.6590516533172073
485,POINT Z (-72.25441317257092 -53.15974638418106 0),3.6590516533172073
486,POINT Z (-72.23947442259829 -53.15940083994988 0),3.6590516533172073
487,POINT Z (-73.98874477739851 -53.19609434862437 0),3.7976961046237077
488,POINT Z (-73.97377843342872 -53.19596638122887 0),3.4199518933533937
489,POINT Z (-73.92888009812242 -53.19557120186604 0),3.4199518933533937
490,POINT Z (-73.91391422413875 -53.19543571646391 0),3.6590516533172073
491,POINT Z (-73.8690173389939 -53.19501798389345 0),3.4199518933533937
492,POINT Z (-73.82412159422994 -53.19458333752105 0),3.0468307578901648
493,POINT Z (-73.80915660720835 -53.19443469694401 0),3.6590516533172073
494,POINT Z (-73.79419175359409 -53.19428417720273 0),3.0468307578901648
495,POINT Z (-73.65951435063003 -53.19284494357445 0),3.487750563206434
496,POINT Z (-73.64455092316175 -53.19267563436144 0),3.2598444275495893
497,POINT Z (-73.62958764751311 -53.19250444642873 0),2.7981664143395273
498,POINT Z (-73.61462452535734 -53.19233137981959 0),2.6671682753399955
499,POINT Z (-73.59966155836759 -53.19215643457775 0),2.492882871678434
500,POINT Z (-73.569736096578 -53.19180090837324 0),2.7144176165949063
501,POINT Z (-73.55477360512387 -53.19162032750038 0),2.418271175121957
502,POINT Z (-73.49492527460619 -53.19087921994199 0),3.0468307578901648
503,POINT Z (-73.42011866630189 -53.18991057488935 0),2.418271175121957
504,POINT Z (-73.27051892654362 -53.18783243968617 0),3.2598444275495893
505,POINT Z (-73.25555998988719 -53.18761429905116 0),3.3833625914958207
506,POINT Z (-73.2406012485162 -53.18739428097506 0),3.2598444275495893
507,POINT Z (-73.22564270410066 -53.18717238551344 0),2.904191221840857
508,POINT Z (-73.21068435831052 -53.1869486127223 0),2.7144176165949063
509,POINT Z (-73.07606845980447 -53.18485018725482 0),3.0468307578901648
510,POINT Z (-73.06111219208127 -53.18460764435473 0),2.904191221840857
511,POINT Z (-73.04615614134285 -53.18436322477276 0),3.0468307578901648
512,POINT Z (-73.03120030925739 -53.18411692857061 0),3.0468307578901648
513,POINT Z (-73.01624469749285 -53.18386875581043 0),3.0468307578901648
514,POINT Z (-73.00128930771712 -53.18361870655492 0),2.904191221840857
515,POINT Z (-72.9713792008025 -53.18311297881075 0),3.162277660168379
516,POINT Z (-72.95642448699854 -53.18285730044979 0),2.904191221840857
517,POINT Z (-72.94147000185315 -53.18259974584878 0),2.7144176165949063
518,POINT Z (-72.77698623337655 -53.17964283232604 0),3.487750563206434
519,POINT Z (-72.76203462211633 -53.17936276805042 0),3.487750563206434
520,POINT Z (-72.74708326117332 -53.17908082841667 0),2.904191221840857
521,POINT Z (-72.73213215221236 -53.17879701349596 0),2.904191221840857
522,POINT Z (-72.71718129689812 -53.17851132335986 0),2.904191221840857
523,POINT Z (-72.68728035386768 -53.17793431773043 0),2.3761767975649812
524,POINT Z (-72.23889780402996 -53.16837957844785 0),3.2598444275495893
525,POINT Z (-72.2239562517142 -53.16803204945705 0),3.3833625914958207
526,POINT Z (-73.91368699121111 -53.20442322626467 0),3.8387662073329687
527,POINT Z (-73.89871810928062 -53.20428581679392 0),3.8387662073329687
528,POINT Z (-73.80890746876669 -53.20342188136301 0),3.6590516533172073
529,POINT Z (-73.79393948616726 -53.20327131269656 0),3.4199518933533937
530,POINT Z (-73.77897163874661 -53.20311886429347 0),3.6590516533172073
531,POINT Z (-73.71910163435926 -53.2024902740928 0),3.4199518933533937
532,POINT Z (-73.68916748679523 -53.20216470159728 0),3.2598444275495893
533,POINT Z (-73.67420063253304 -53.20199909614351 0),3.2598444275495893
534,POINT Z (-73.6442673714221 -53.20166224703325 0),3.2598444275495893
535,POINT Z (-73.62930096792252 -53.20149100346193 0),3.2598444275495893
536,POINT Z (-73.59936862340724 -53.2011428785033 0),2.6671682753399955
537,POINT Z (-73.5694369066988 -53.20078723675076 0),2.904191221840857
538,POINT Z (-73.49461044946545 -53.19986524877453 0),2.7144176165949063
539,POINT Z (-73.41978820892763 -53.19889628893004 0),2.418271175121957
540,POINT Z (-73.40482428522844 -53.19869686087043 0),2.418271175121957
541,POINT Z (-73.38986054023526 -53.19849555423045 0),2.7144176165949063
542,POINT Z (-73.37489697562064 -53.1982923690609 0),3.0468307578901648
543,POINT Z (-73.25519515299656 -53.19659926690112 0),3.2598444275495893
544,POINT Z (-73.24023328703281 -53.1963791773328 0),3.2598444275495893
545,POINT Z (-73.21031014806731 -53.19593336426777 0),2.7144176165949063
546,POINT Z (-73.19534887840761 -53.19570764088367 0),2.7144176165949063
547,POINT Z (-73.18038781085775 -53.19548003967441 0),2.5873402367724454
548,POINT Z (-73.16542694708842 -53.19525056069744 0),2.5873402367724454
549,POINT Z (-73.15046628877012 -53.19501920401072 0),2.5873402367724454
550,POINT Z (-73.10558556322461 -53.19431386827905 0),2.7144176165949063
551,POINT Z (-73.09062574341287 -53.19407500134258 0),2.7144176165949063
552,POINT Z (-73.07566613740265 -53.1938342569933 0),2.904191221840857
553,POINT Z (-73.00087137280636 -53.19260237619957 0),2.7144176165949063
554,POINT Z (-72.98591308466237 -53.19235036866689 0),2.615320972023661
555,POINT Z (-72.97095502200419 -53.19209648415696 0),2.7981664143395273
556,POINT Z (-72.94103957981932 -53.19158308446225 0),2.7144176165949063
557,POINT Z (-72.92608220362924 -53.19132356940707 0),2.904191221840857
558,POINT Z (-72.91112505959828 -53.19106217763395 0),2.904191221840857
559,POINT Z (-72.80643169191964 -53.18917989272168 0),3.2598444275495893
560,POINT Z (-72.79147646519228 -53.18890348962023 0),3.487750563206434
561,POINT Z (-72.77652148562917 -53.18862521041179 0),3.360421453712665
562,POINT Z (-72.74661227466135 -53.18806302395521 0),3.487750563206434
563,POINT Z (-72.71670407234511 -53.18749333391965 0),2.7981664143395273
564,POINT Z (-72.70175035359588 -53.18720567523918 0),2.492882871678434
565,POINT Z (-72.68679689200671 -53.18691614088021 0),2.3761767975649812
566,POINT Z (-72.23832087698743 -53.17735829897369 0),3.1408356049500394
567,POINT Z (-73.9284317716089 -53.21354629525343 0),3.8387662073329687
568,POINT Z (-73.80865819682177 -53.21240905133234 0),3.6590516533172073
569,POINT Z (-73.77871610557747 -53.21210593576094 0),3.0468307578901648
570,POINT Z (-73.76374526454593 -53.21195155749282 0),3.4199518933533937
571,POINT Z (-73.70386330347559 -53.21131524212064 0),3.4199518933533937
572,POINT Z (-73.6888931723535 -53.21115146290379 0),3.4199518933533937
573,POINT Z (-73.64398366775369 -53.21064884501702 0),3.4199518933533937
574,POINT Z (-73.62901413472871 -53.21047754578387 0),3.4199518933533937
575,POINT Z (-73.59907553149516 -53.21012930767043 0),2.6671682753399955
576,POINT Z (-73.56913755651975 -53.20977355032173 0),2.904191221840857
577,POINT Z (-73.49429545565664 -53.20885126267563 0),2.7144176165949063
578,POINT Z (-73.40449052307804 -53.20768249503384 0),2.418271175121957
579,POINT Z (-73.23986512845242 -53.20536405828712 0),3.2598444275495893
580,POINT Z (-73.22490033346328 -53.20514201859243 0),2.904191221840857
581,POINT Z (-73.15007937562201 -53.20400364303391 0),2.418271175121957
582,POINT Z (-73.13511579917771 -53.20377033290791 0),2.418271175121957
583,POINT Z (-73.10518927478553 -53.20329807811036 0),2.5873402367724454
584,POINT Z (-72.92564842806605 -53.200306807654 0),2.418271175121957
585,POINT Z (-72.88076833101215 -53.19951674585037 0),2.904191221840857
586,POINT Z (-72.83589036995123 -53.1987097899053 0),2.904191221840857
587,POINT Z (-72.82093153204916 -53.19843705065253 0),3.0468307578901648
588,POINT Z (-72.8059729381532 -53.19816243454526 0),3.2598444275495893
589,POINT Z (-72.79101458993127 -53.19788594165288 0),3.2598444275495893
590,POINT Z (-72.7760564890511 -53.1976075720452 0),3.2598444275495893
591,POINT Z (-72.76109863718035 -53.19732732579249 0),2.993795165523909
592,POINT Z (-72.74614103598638 -53.19704520296552 0),2.6671682753399955
593,POINT Z (-72.59657917797284 -53.19412077901616 0),2.492882871678434
594,POINT Z (-72.58162444422142 -53.19381801867746 0),2.492882871678434
595,POINT Z (-72.56666998114164 -53.19351338265037 0),2.5873402367724454
596,POINT Z (-72.55171579039853 -53.19320687101185 0),2.5873402367724454
597,POINT Z (-72.53676187365693 -53.19289848383923 0),2.492882871678434
598,POINT Z (-72.37228734954763 -53.18938246228564 0),2.492882871678434
599,POINT Z (-72.35733685061031 -53.18905157490914 0),2.7981664143395273
600,POINT Z (-72.34238664729946 -53.18871881304703 0),2.7981664143395273
601,POINT Z (-72.32743674127711 -53.18838417678323 0),2.935598535244139
602,POINT Z (-72.23774364124944 -53.18633700152549 0),3.1408356049500394
603,POINT Z (-72.22279586276606 -53.18598924683989 0),3.1408356049500394
604,POINT Z (-73.88328199113303 -53.22212132405117 0),3.9842201896584473
605,POINT Z (-73.80840879127761 -53.2213962068527 0),3.7976961046237077
606,POINT Z (-73.77846043545568 -53.22109299273834 0),3.162277660168379
607,POINT Z (-73.62872714782127 -53.21946407339507 0),3.4199518933533937
608,POINT Z (-73.59878228251848 -53.21911572207961 0),2.904191221840857
609,POINT Z (-73.56883804592562 -53.21875984908655 0),2.904191221840857
610,POINT Z (-73.55386616758661 -53.21857909207309 0),2.904191221840857
611,POINT Z (-73.49398029305848 -53.21783726164558 0),3.2598444275495893
612,POINT Z (-73.40415658209314 -53.21666811410779 0),2.220906154852325
613,POINT Z (-73.38918658019743 -53.21646667659135 0),2.329986101501426
614,POINT Z (-73.3742167589397 -53.2162633593253 0),2.418271175121957
615,POINT Z (-73.35924711999476 -53.21605816236109 0),2.7144176165949063
616,POINT Z (-73.22452884984963 -53.21412681198172 0),2.3761767975649812
617,POINT Z (-73.20956112611971 -53.21390282096741 0),2.329986101501426
618,POINT Z (-73.194593603117 -53.21367695085169 0),2.075781631112427
619,POINT Z (-73.13472555184052 -53.21275468052384 0),2.329986101501426
620,POINT Z (-73.11975905756925 -53.21251941576708 0),2.329986101501426
621,POINT Z (-73.10479277406232 -53.21228227225855 0),2.329986101501426
622,POINT Z (-72.92521442017699 -53.20929002981294 0),2.329986101501426
623,POINT Z (-72.91025102873371 -53.20902846815856 0),2.329986101501426
624,POINT Z (-72.89528787145355 -53.20876502863464 0),2.418271175121957
625,POINT Z (-72.88032495000652 -53.20849971130772 0),2.7144176165949063
626,POINT Z (-72.8653622660627 -53.20823251624484 0),3.0468307578901648
627,POINT Z (-72.79055246732842 -53.20686837727011 0),2.7144176165949063
628,POINT Z (-72.77559124346362 -53.20658991722554 0),3.2598444275495893
629,POINT Z (-72.59607647086192 -53.2031019915046 0),2.492882871678434
630,POINT Z (-72.53624668545125 -53.20187929930611 0),2.5873402367724454
631,POINT Z (-72.49137723713403 -53.20094258121694 0),2.3761767975649812
632,POINT Z (-72.47642131386206 -53.20062659009329 0),2.3761767975649812
633,POINT Z (-72.46146567311558 -53.20030872322188 0),2.492882871678434
634,POINT Z (-72.44651031655943 -53.19998898068296 0),2.492882871678434
635,POINT Z (-72.43155524585825 -53.19966736255725 0),2.492882871678434
636,POINT Z (-72.41660046267653 -53.19934386892589 0),2.492882871678434
637,POINT Z (-72.38669176552821 -53.19869125547338 0),2.492882871678434
638,POINT Z (-72.37173785488949 -53.19836213581692 0),2.7981664143395273
639,POINT Z (-72.32687789467829 -53.19736352612482 0),2.7981664143395273
640,POINT Z (-72.31192517072029 -53.19702690626654 0),3.0468307578901648
641,POINT Z (-72.22221520253747 -53.19496781849788 0),2.993795165523909
642,POINT Z (-72.20726461928045 -53.19461807657471 0),3.2598444275495893
643,POINT Z (-72.19231434848481 -53.19426646042 0),3.6590516533172073
644,POINT Z (-73.8830481233892 -53.23110870088641 0),3.9842201896584473
645,POINT Z (-73.80815925203812 -53.23038334792477 0),3.7976961046237077
646,POINT Z (-73.79318187242512 -53.23023263236031 0),3.7976961046237077
647,POINT Z (-73.77820462828278 -53.23008003522634 0),3.7976961046237077
648,POINT Z (-73.65839175355408 -53.22879152638694 0),3.9842201896584473
649,POINT Z (-73.5984888763643 -53.2281021217313 0),3.4199518933533937
650,POINT Z (-73.58351354609854 -53.22792506788124 0),3.2598444275495893
651,POINT Z (-73.55356336414945 -53.22756531726963 0),2.904191221840857
652,POINT Z (-73.49366496154968 -53.22682324568478 0),3.2598444275495893
653,POINT Z (-73.47869077928738 -53.22663302590298 0),2.7144176165949063
654,POINT Z (-73.37387637719547 -53.22524883174129 0),2.7144176165949063
655,POINT Z (-73.19421566194369 -53.22266158259399 0),2.075781631112427
656,POINT Z (-72.86491552185134 -53.21721537868566 0),2.418271175121957
657,POINT Z (-72.84994995154979 -53.21694621852424 0),2.7144176165949063
658,POINT Z (-72.7751257486879 -53.21557224595201 0),2.904191221840857
659,POINT Z (-72.76016164953694 -53.21529181757062 0),3.0468307578901648
660,POINT Z (-72.59557349455142 -53.21208318706735 0),2.5873402367724454
661,POINT Z (-72.58061251800075 -53.2117802300004 0),2.5873402367724454
662,POINT Z (-72.5357312213815 -53.21086009768197 0),2.904191221840857
663,POINT Z (-72.49085240932094 -53.20992307531881 0),2.3761767975649812
664,POINT Z (-72.41606003267437 -53.20832384374899 0),2.5873402367724454
665,POINT Z (-72.40110241885668 -53.20799836901504 0),3.2598444275495893
666,POINT Z (-72.38614509609558 -53.20767101833176 0),2.7981664143395273
667,POINT Z (-72.34127489080105 -53.20667771141459 0),2.7981664143395273
668,POINT Z (-72.31136290640772 -53.20600612858408 0),2.7981664143395273
669,POINT Z (-72.29640736494456 -53.20566752395668 0),2.904191221840857
670,POINT Z (-72.28145212618882 -53.2053270439683 0),3.1072325059538586
671,POINT Z (-72.22163423150873 -53.20394637213092 0),3.487750563206434
672,POINT Z (-72.20668053123956 -53.20359651663615 0),3.1072325059538586
673,POINT Z (-73.74798833790662 -53.23875612333318 0),3.9842201896584473
674,POINT Z (-73.65811072810897 -53.23777813542992 0),3.9842201896584473
675,POINT Z (-73.64313164408291 -53.23760855084508 0),3.9842201896584473
676,POINT Z (-73.58321684843375 -53.23691139521098 0),3.4199518933533937
677,POINT Z (-73.56823854303063 -53.23673240219933 0),2.904191221840857
678,POINT Z (-73.55326039838896 -53.23655152763634 0),2.904191221840857
679,POINT Z (-73.5382824161874 -53.23636877156778 0),2.904191221840857
680,POINT Z (-73.47837214535227 -53.2356189331699 0),2.935598535244139
681,POINT Z (-73.46339500052765 -53.23542677027674 0),2.7144176165949063
682,POINT Z (-73.37353581300729 -53.23423428901337 0),1.8493111942973237
683,POINT Z (-73.35855991098227 -53.23402895862146 0),2.418271175121957
684,POINT Z (-73.34358419320947 -53.23382174736232 0),2.7144176165949063
685,POINT Z (-73.2387594687123 -53.23231860872934 0),3.3833625914958207
686,POINT Z (-73.22378528531752 -53.23209635245955 0),3.3833625914958207
687,POINT Z (-73.20881130126298 -53.23187221581145 0),2.7144176165949063
688,POINT Z (-73.1938375182244 -53.23164619884175 0),2.220906154852325
689,POINT Z (-72.84949984079201 -53.22592897726626 0),2.329986101501426
690,POINT Z (-72.83453138447781 -53.22565785081959 0),2.7144176165949063
691,POINT Z (-72.8195631710244 -53.22538484562276 0),3.0468307578901648
692,POINT Z (-72.80459520210346 -53.22510996174478 0),2.904191221840857
693,POINT Z (-72.75969277924968 -53.22427403872111 0),2.615320972023661
694,POINT Z (-72.74472580517201 -53.22399164081807 0),2.418271175121957
695,POINT Z (-72.58010614839681 -53.22076131021073 0),2.5873402367724454
696,POINT Z (-72.53521548124945 -53.21984087896553 0),2.904191221840857
697,POINT Z (-72.52025247583039 -53.2195303138863 0),2.904191221840857
698,POINT Z (-72.49032730044568 -53.21890355220165 0),2.492882871678434
699,POINT Z (-72.47536513381554 -53.21858735575456 0),2.492882871678434
700,POINT Z (-72.46040325011685 -53.21826928234393 0),2.5873402367724454
701,POINT Z (-72.44544165101682 -53.21794933205013 0),2.5873402367724454
702,POINT Z (-72.43048033818255 -53.217627504954 0),2.7981664143395273
703,POINT Z (-72.40055857797826 -53.21697822068024 0),3.2598444275495893
704,POINT Z (-72.3855981339413 -53.21665076366663 0),2.7981664143395273
705,POINT Z (-72.37063798283623 -53.2163214301786 0),2.7981664143395273
706,POINT Z (-72.35567812632898 -53.21599022029936 0),2.904191221840857
707,POINT Z (-72.3407185660854 -53.21565713411254 0),3.2598444275495893
708,POINT Z (-72.28088332105666 -53.21430602797868 0),2.904191221840857
709,POINT Z (-72.26592526711124 -53.21396356152502 0),3.2598444275495893
710,POINT Z (-72.25096751941996 -53.2136192192755 0),3.2598444275495893
711,POINT Z (-72.23601007964712 -53.21327300131701 0),3.2598444275495893
712,POINT Z (-72.22105294945682 -53.21292490773704 0),3.487750563206434
713,POINT Z (-74.15231735877377 -53.25130656690092 0),3.6840314986403864
714,POINT Z (-74.12234483833915 -53.2510896837701 0),3.6840314986403864
715,POINT Z (-73.9275336757059 -53.24949631049705 0),3.9842201896584473
716,POINT Z (-73.83762747772413 -53.24865356539389 0),4.262769748452453
717,POINT Z (-73.65782955197685 -53.24676472980988 0),3.7976961046237077
718,POINT Z (-73.64284733160602 -53.24659509008172 0),3.7976961046237077
719,POINT Z (-73.62786526371114 -53.24642356796898 0),3.54953665975557
720,POINT Z (-73.61288334997271 -53.24625016351511 0),3.4199518933533937
721,POINT Z (-73.56793855049874 -53.2457186565482 0),2.6671682753399955
722,POINT Z (-73.53797615243487 -53.24535490768221 0),2.904191221840857
723,POINT Z (-73.49303379131398 -53.24479516897208 0),3.2598444275495893
724,POINT Z (-73.46307306081138 -53.24441260010897 0),2.7144176165949063
725,POINT Z (-73.34323717846848 -53.2428070553686 0),2.7144176165949063
726,POINT Z (-73.32825851283611 -53.24259789531738 0),2.7144176165949063
727,POINT Z (-73.22341320411273 -53.24108109954802 0),3.3833625914958207
728,POINT Z (-73.20843608738284 -53.24085689003746 0),2.7144176165949063
729,POINT Z (-73.17848245908161 -53.24040282827725 0),1.9786024464679264
730,POINT Z (-73.16350595086375 -53.24017297614252 0),1.9786024464679264
731,POINT Z (-73.14852964883653 -53.23994124324876 0),1.9786024464679264
732,POINT Z (-72.80413546458122 -53.23409243805168 0),2.418271175121957
733,POINT Z (-72.78916461369148 -53.23381558562134 0),2.904191221840857
734,POINT Z (-72.74425355603263 -53.23297375370662 0),2.7144176165949063
735,POINT Z (-72.72928370739045 -53.23268938509697 0),2.418271175121957
736,POINT Z (-72.71431411349019 -53.23240313762103 0),2.5873402367724454
737,POINT Z (-72.57959950753755 -53.22974237345203 0),2.5873402367724454
738,POINT Z (-72.56463255296744 -53.22943734137159 0),2.5873402367724454
739,POINT Z (-72.51973333465546 -53.22851097717552 0),2.904191221840857
740,POINT Z (-72.5047674825823 -53.22819843338537 0),2.904191221840857
741,POINT Z (-72.48980191030641 -53.2278840118641 0),2.5873402367724454
742,POINT Z (-72.45987161182155 -53.22724953594635 0),2.5873402367724454
743,POINT Z (-72.40001444583419 -53.2259580548646 0),3.2598444275495893
744,POINT Z (-72.34016194344044 -53.22463653915096 0),2.904191221840857
745,POINT Z (-72.32519955903294 -53.22430146793462 0),2.904191221840857
746,POINT Z (-74.13715019067537 -53.26018708901715 0),3.6840314986403864
747,POINT Z (-74.12216083804277 -53.26007767009787 0),3.6840314986403864
748,POINT Z (-74.10717158413229 -53.25996636704329 0),3.54953665975557
749,POINT Z (-74.09218243062848 -53.25985317988158 0),3.3833625914958207
750,POINT Z (-74.07719337921579 -53.25973810864142 0),3.54953665975557
751,POINT Z (-73.59760771370547 -53.25506123214598 0),3.8387662073329687
752,POINT Z (-73.58262297574173 -53.25488400552906 0),3.6590516533172073
753,POINT Z (-73.56763839708969 -53.25470489609256 0),2.6671682753399955
754,POINT Z (-73.53766972444551 -53.25434102894277 0),2.904191221840857
755,POINT Z (-73.52268563381544 -53.25415627132165 0),3.2598444275495893
756,POINT Z (-73.49271795234378 -53.25378110822083 0),3.0468307578901648
757,POINT Z (-73.47773436486355 -53.25359070283618 0),2.7144176165949063
758,POINT Z (-73.46275094846112 -53.25339841495946 0),2.7981664143395273
759,POINT Z (-73.32790817656527 -53.25158312011843 0),2.7144176165949063
760,POINT Z (-73.3129265633422 -53.25137201007786 0),2.904191221840857
761,POINT Z (-73.20806067234209 -53.24984154879934 0),2.904191221840857
762,POINT Z (-73.19308062256518 -53.24961538485307 0),2.418271175121957
763,POINT Z (-73.17810077577167 -53.24938733942124 0),2.075781631112427
764,POINT Z (-73.14814169784594 -53.24892560433215 0),1.9786024464679264
765,POINT Z (-72.78870149994295 -53.24279795556897 0),2.418271175121957
766,POINT Z (-72.77372776743977 -53.24251913339988 0),2.7144176165949063
767,POINT Z (-72.75875428484204 -53.24223843154073 0),2.7144176165949063
768,POINT Z (-72.71383535321453 -53.2413850485353 0),2.418271175121957
769,POINT Z (-72.69886288697072 -53.24109682863066 0),2.904191221840857
770,POINT Z (-72.56412251361382 -53.23841828852613 0),2.5873402367724454
771,POINT Z (-72.54915270531596 -53.23811127867611 0),2.904191221840857
772,POINT Z (-72.48927623870098 -53.23686445430476 0),2.7981664143395273
773,POINT Z (-72.47430782204292 -53.23654805236308 0),2.904191221840857
774,POINT Z (-72.45933968872308 -53.23622977224112 0),2.904191221840857
775,POINT Z (-72.44437184041105 -53.23590961401934 0),2.904191221840857
776,POINT Z (-72.39947002221521 -53.23493787156651 0),3.2598444275495893
777,POINT Z (-72.38450333062676 -53.2346102017593 0),3.487750563206434
778,POINT Z (-72.36953693239117 -53.23428065426158 0),3.2598444275495893
779,POINT Z (-72.33960502265215 -53.23361592652815 0),3.2598444275495893
780,POINT Z (-72.3246395144849 -53.23328074646042 0),2.904191221840857
781,POINT Z (-74.15196182656445 -53.26928266660107 0),3.6840314986403864
782,POINT Z (-74.1369692342406 -53.26917509686416 0),3.6840314986403864
783,POINT Z (-74.07699985287748 -53.26872597043851 0),3.3833625914958207
784,POINT Z (-74.06200776294824 -53.2686089771049 0),3.54953665975557
785,POINT Z (-73.59731367770956 -53.26404757277223 0),3.6590516533172073
786,POINT Z (-73.53736313210111 -53.26332713534989 0),2.904191221840857
787,POINT Z (-73.52237590267673 -53.26314231764452 0),3.1408356049500394
788,POINT Z (-73.49240194397628 -53.26276703254013 0),3.0468307578901648
789,POINT Z (-73.37251302446631 -53.26119056996772 0),2.329986101501426
790,POINT Z (-73.35752771523978 -53.26098503922539 0),2.418271175121957
791,POINT Z (-73.34254259066357 -53.26077762578252 0),2.418271175121957
792,POINT Z (-73.32755765241826 -53.26056832969163 0),2.418271175121957
793,POINT Z (-73.19270187033352 -53.25859995461648 0),2.904191221840857
794,POINT Z (-73.17771888780048 -53.25837183503939 0),2.418271175121957
795,POINT Z (-73.16273611007594 -53.25814183342351 0),2.329986101501426
796,POINT Z (-73.14775353883883 -53.2579099498271 0),2.220906154852325
797,POINT Z (-72.77326127411879 -53.25150139630264 0),2.418271175121957
798,POINT Z (-72.75828466036027 -53.25122060320819 0),2.7144176165949063
799,POINT Z (-72.69838073966727 -53.25007862926021 0),2.7144176165949063
800,POINT Z (-72.68340540144999 -53.24978843574178 0),2.7981664143395273
801,POINT Z (-72.54863926412742 -53.24709210905102 0),2.904191221840857
802,POINT Z (-72.53366660249581 -53.24678312024958 0),2.904191221840857
803,POINT Z (-72.51869421772086 -53.24647225234182 0),2.904191221840857
804,POINT Z (-72.36898596474254 -53.24326023994441 0),3.2598444275495893
805,POINT Z (-72.35401673567308 -53.24292870715932 0),3.487750563206434
806,POINT Z (-72.33904780350636 -53.24259529624241 0),2.904191221840857
807,POINT Z (-74.28674964192484 -53.27915429113578 0),3.6840314986403864
808,POINT Z (-74.18177567547232 -53.27848024857457 0),3.6840314986403864
809,POINT Z (-74.16677974951544 -53.27837641470125 0),3.6840314986403864
810,POINT Z (-74.15178391736174 -53.27827069538507 0),3.6840314986403864
811,POINT Z (-74.1067970005909 -53.27794222504979 0),2.7144176165949063
812,POINT Z (-74.09180156052078 -53.27782896423501 0),2.8172691138478405
813,POINT Z (-74.07680622268893 -53.27771381811618 0),2.8172691138478405
814,POINT Z (-73.64199347888031 -53.27355461968057 0),3.9842201896584473
815,POINT Z (-73.62700199219248 -53.27338293016375 0),3.7976961046237077
816,POINT Z (-73.59701948396975 -53.27303389864333 0),3.6590516533172073
817,POINT Z (-73.53705637528333 -53.27231322690395 0),2.904191221840857
818,POINT Z (-73.4920857660895 -53.27175294193025 0),2.7144176165949063
819,POINT Z (-73.37217172918888 -53.27017596666579 0),2.329986101501426
820,POINT Z (-73.3421950173317 -53.26976288819045 0),2.418271175121957
821,POINT Z (-73.32720694025986 -53.26955352403711 0),2.418271175121957
822,POINT Z (-73.31221905133472 -53.26934227667725 0),2.418271175121957
823,POINT Z (-73.16235088002507 -53.26712623872837 0),2.418271175121957
824,POINT Z (-72.77279453071262 -53.26048364274745 0),2.418271175121957
825,POINT Z (-72.6829198637724 -53.25877012539774 0),2.615320972023661
826,POINT Z (-72.51817424156117 -53.25545286421628 0),2.5873402367724454
827,POINT Z (-72.50319900572119 -53.25514001564458 0),2.904191221840857
828,POINT Z (-72.48822405028235 -53.25482528751512 0),2.993795165523909
829,POINT Z (-72.4732493769171 -53.25450867990754 0),2.7981664143395273
830,POINT Z (-72.45827498729759 -53.25419019290187 0),3.1408356049500394
831,POINT Z (-72.44330088309589 -53.25386982657867 0),3.2598444275495893
832,POINT Z (-72.42832706598381 -53.25354758101903 0),3.487750563206434
833,POINT Z (-72.35346234526648 -53.25190816754251 0),3.1072325059538586
834,POINT Z (-72.00918352621308 -53.24376207916287 0),3.2598444275495893
835,POINT Z (-74.27160027248694 -53.28805192881516 0),3.6840314986403864
836,POINT Z (-74.25660067260169 -53.2879593780319 0),3.6840314986403864
837,POINT Z (-74.19660312734004 -53.28757031307018 0),3.6840314986403864
838,POINT Z (-74.18160396303777 -53.28746833149596 0),3.6840314986403864
839,POINT Z (-74.10660955802932 -53.28693013292145 0),2.8172691138478405
840,POINT Z (-73.59672513237241 -53.28202020975962 0),3.4199518933533937
841,POINT Z (-73.58173097157866 -53.28184281015925 0),3.4199518933533937
842,POINT Z (-73.5667369704411 -53.28166352590301 0),3.2598444275495893
843,POINT Z (-73.53674945387372 -53.28129930360527 0),2.904191221840857
844,POINT Z (-73.5217559418133 -53.28111436565609 0),2.6671682753399955
845,POINT Z (-73.50676259614771 -53.28092754323573 0),3.1408356049500394
846,POINT Z (-73.49176941856138 -53.28073883639156 0),2.615320972023661
847,POINT Z (-73.37183025081006 -53.27916134822075 0),2.075781631112427
848,POINT Z (-73.31186501065683 -53.27832738709238 0),2.7144176165949063
849,POINT Z (-73.29687417132395 -53.27811418726504 0),2.7144176165949063
850,POINT Z (-73.16196544333809 -53.27611062847592 0),2.5873402367724454
851,POINT Z (-73.14697659617597 -53.27587859405096 0),2.5873402367724454
852,POINT Z (-73.13198795747991 -53.27564467648174 0),2.418271175121957
853,POINT Z (-72.77232753704129 -53.26946587273344 0),2.418271175121957
854,POINT Z (-72.75734465593627 -53.26918489705415 0),2.418271175121957
855,POINT Z (-72.72737965176964 -53.26861730142029 0),2.7144176165949063
856,POINT Z (-72.71239753206146 -53.26833068160938 0),2.7144176165949063
857,POINT Z (-72.69741566950538 -53.26804218056579 0),2.7981664143395273
858,POINT Z (-72.68243406577764 -53.26775179836253 0),2.615320972023661
859,POINT Z (-72.42778802654942 -53.26252755654133 0),2.904191221840857
860,POINT Z (-72.41281136816073 -53.26220332649262 0),3.2598444275495893
861,POINT Z (-72.29300870459967 -53.25954182453813 0),3.1072325059538586
862,POINT Z (-72.2780347221731 -53.2592006803605 0),3.1072325059538586
863,POINT Z (-72.02352515326508 -53.25311382642045 0),3.2598444275495893
864,POINT Z (-72.00855692858458 -53.25273887529431 0),3.2598444275495893
865,POINT Z (-74.30145309720497 -53.29721968886631 0),3.6840314986403864
866,POINT Z (-74.28645018655872 -53.29713088167849 0),3.6840314986403864
867,POINT Z (-74.27144735633198 -53.29704018762347 0),3.6840314986403864
868,POINT Z (-74.25644460821475 -53.29694760672425 0),3.54953665975557
869,POINT Z (-74.21143687342041 -53.2966585431987 0),3.6840314986403864
870,POINT Z (-74.19643447064109 -53.29655841516239 0),3.6840314986403864
871,POINT Z (-74.10642201484386 -53.29591802670667 0),3.162277660168379
872,POINT Z (-74.09142028145992 -53.29580469217719 0),2.8172691138478405
873,POINT Z (-73.76141104153918 -53.29283409627994 0),4.424289570749671
874,POINT Z (-73.74641209026188 -53.29267737978864 0),4.262769748452453
875,POINT Z (-73.73141328020195 -53.29251877756006 0),4.262769748452453
876,POINT Z (-73.62642570558344 -53.29135576475618 0),4.063205168887381
877,POINT Z (-73.56643617236431 -53.29064970623369 0),3.2598444275495893
878,POINT Z (-73.55143918848742 -53.29046847843251 0),3.2598444275495893
879,POINT Z (-73.53644236775375 -53.29028536545432 0),2.904191221840857
880,POINT Z (-73.37148858919799 -53.28814671463279 0),2.418271175121957
881,POINT Z (-73.35649385764346 -53.28794098328887 0),2.075781631112427
882,POINT Z (-73.34149931113846 -53.2877333674088 0),2.418271175121957
883,POINT Z (-73.32650495136724 -53.28752386704523 0),2.418271175121957
884,POINT Z (-73.3115107800139 -53.28731248225129 0),2.418271175121957
885,POINT Z (-73.2965167987624 -53.28709921308052 0),2.418271175121957
886,POINT Z (-73.28152300929652 -53.28688405958705 0),2.7144176165949063
887,POINT Z (-73.13159603319077 -53.28462889913721 0),2.5873402367724454
888,POINT Z (-73.11660446445957 -53.28439302179829 0),2.418271175121957
889,POINT Z (-73.101613107709 -53.28415526082256 0),2.418271175121957
890,POINT Z (-72.77186029292471 -53.27844808625988 0),2.418271175121957
891,POINT Z (-72.75687427563156 -53.27816701923098 0),2.418271175121957
892,POINT Z (-72.72690299963429 -53.27759923906652 0),2.7144176165949063
893,POINT Z (-72.42724869814614 -53.27150751466304 0),2.904191221840857
894,POINT Z (-72.30741861487546 -53.26886018774699 0),3.1072325059538586
895,POINT Z (-72.29244119842978 -53.2685208123273 0),3.1072325059538586
896,POINT Z (-72.27746408621755 -53.26817955728992 0),2.904191221840857
897,POINT Z (-72.2624872799107 -53.26783642272115 0),2.904191221840857
898,POINT Z (-72.24751078118091 -53.26749140870783 0),2.904191221840857
899,POINT Z (-72.23253459169966 -53.26714451533724 0),3.1072325059538586
900,POINT Z (-72.21755871313825 -53.26679574269711 0),3.1072325059538586
901,POINT Z (-72.20258314716767 -53.26644509087569 0),3.1072325059538586
902,POINT Z (-72.18760789545875 -53.26609255996166 0),3.1072325059538586
903,POINT Z (-72.17263295968213 -53.26573815004419 0),3.1072325059538586
904,POINT Z (-72.11273640930249 -53.26430172213982 0),3.1072325059538586
905,POINT Z (-72.02290134556208 -53.26209072563461 0),3.2598444275495893
906,POINT Z (-74.30130639896088 -53.30620799215734 0),3.6840314986403864
907,POINT Z (-74.28630033827541 -53.30611915606876 0),3.6840314986403864
908,POINT Z (-74.27129435806744 -53.30602843249907 0),3.162277660168379
909,POINT Z (-74.24128264584901 -53.30584132300882 0),3.162277660168379
910,POINT Z (-74.226276917221 -53.30574493713581 0),3.54953665975557
911,POINT Z (-74.21127127583532 -53.30564666387662 0),3.6840314986403864
912,POINT Z (-74.1212393543052 -53.30501739064321 0),2.8172691138478405
913,POINT Z (-74.106234370962 -53.3049059064064 0),2.8172691138478405
914,POINT Z (-73.73114693151039 -53.30150555118616 0),4.262769748452453
915,POINT Z (-73.58113550404705 -53.29981527268659 0),3.6590516533172073
916,POINT Z (-73.5361351168047 -53.29927141245142 0),3.2598444275495893
917,POINT Z (-73.52113531537017 -53.29908635415787 0),2.904191221840857
918,POINT Z (-73.50613568057042 -53.29889941016791 0),2.904191221840857
919,POINT Z (-73.49113621409224 -53.29871058052897 0),2.7144176165949063
920,POINT Z (-73.28116230148505 -53.29586900013274 0),2.7144176165949063
921,POINT Z (-73.10121468954537 -53.29313931381184 0),2.5873402367724454
922,POINT Z (-73.08622040489958 -53.29289959131931 0),2.5873402367724454
923,POINT Z (-73.07122633575328 -53.29265798469929 0),2.418271175121957
924,POINT Z (-73.05623248378932 -53.29241449401302 0),2.418271175121957
925,POINT Z (-73.04123885069043 -53.29216911932219 0),2.075781631112427
926,POINT Z (-73.02624543813914 -53.29192186068906 0),1.6475489724420656
927,POINT Z (-72.77139279818267 -53.2874302833259 0),2.418271175121957
928,POINT Z (-72.72642609183939 -53.28658116013713 0),2.7144176165949063
929,POINT Z (-72.71143769917335 -53.28629435392556 0),2.7144176165949063
930,POINT Z (-72.45667579401203 -53.2811306940492 0),2.492882871678434
931,POINT Z (-72.44169229343423 -53.28081001524828 0),2.5873402367724454
932,POINT Z (-72.42670908056606 -53.28048745538261 0),2.5873402367724454
933,POINT Z (-72.32183478704967 -53.2781768734299 0),3.1072325059538586
934,POINT Z (-72.30685393614853 -53.27783926802602 0),3.1072325059538586
935,POINT Z (-72.1720401038464 -53.27471621572774 0),2.904191221840857
936,POINT Z (-72.15706235600871 -53.2743598111196 0),2.904191221840857
937,POINT Z (-72.14208492767344 -53.27400152707923 0),2.904191221840857
938,POINT Z (-72.1271078205117 -53.27364136369722 0),3.1072325059538586
939,POINT Z (-72.1121310361944 -53.27327932106468 0),2.904191221840857
940,POINT Z (-72.0222772035651 -53.27106760617055 0),3.2598444275495893
941,POINT Z (-74.28615040951465 -53.31510741653973 0),3.6840314986403864
942,POINT Z (-74.25613222798165 -53.31492402227398 0),3.54953665975557
943,POINT Z (-74.24112326224967 -53.31482949305622 0),3.3833625914958207
944,POINT Z (-74.12105476060781 -53.31400529254034 0),2.8172691138478405
945,POINT Z (-73.89594410417529 -53.31213428086615 0),4.135185542000137
946,POINT Z (-73.61084488639904 -53.30915474084602 0),3.9148676411688634
947,POINT Z (-73.59584112929763 -53.30897905458463 0),3.9148676411688634
948,POINT Z (-73.58083753050924 -53.30880148178372 0),3.6590516533172073
949,POINT Z (-73.56583409172251 -53.30862202248836 0),3.2598444275495893
950,POINT Z (-73.49081935690646 -53.30769643020574 0),2.7144176165949063
951,POINT Z (-73.47581691358373 -53.30750565291685 0),2.935598535244139
952,POINT Z (-73.2808014000648 -53.30485392536405 0),2.075781631112427
953,POINT Z (-73.26580151573377 -53.30463674637916 0),2.418271175121957
954,POINT Z (-73.25080182683699 -53.30441768195655 0),2.904191221840857
955,POINT Z (-73.23580233506026 -53.30419673215176 0),3.0468307578901648
956,POINT Z (-73.22080304208932 -53.30397389702085 0),3.0468307578901648
957,POINT Z (-73.07082141744694 -53.30164186544538 0),2.5873402367724454
958,POINT Z (-73.05582442255395 -53.30139829556239 0),2.5873402367724454
959,POINT Z (-73.0258310915201 -53.30090550200944 0),2.418271175121957
960,POINT Z (-72.77092505263467 -53.29641246393067 0),2.329986101501426
961,POINT Z (-72.71095739653822 -53.29527616516088 0),2.615320972023661
962,POINT Z (-72.45614215778916 -53.29011082646745 0),2.5873402367724454
963,POINT Z (-72.35124181034041 -53.28782583284642 0),3.1072325059538586
964,POINT Z (-72.33625722490228 -53.28749187980933 0),3.1072325059538586
965,POINT Z (-72.32127293911135 -53.28715604567959 0),2.993795165523909
966,POINT Z (-72.11152533857117 -53.28225690160854 0),2.5873402367724454
967,POINT Z (-72.02165272703382 -53.28004446802582 0),3.2598444275495893
968,POINT Z (-74.25597591201458 -53.32391220913356 0),3.54953665975557
969,POINT Z (-74.24096379303742 -53.32381764914754 0),3.54953665975557
970,POINT Z (-74.225951759735 -53.3237212005224 0),3.54953665975557
971,POINT Z (-74.1358814539239 -53.32310284875533 0),3.3833625914958207
972,POINT Z (-74.12087006776052 -53.32299318036912 0),3.162277660168379
973,POINT Z (-74.060825532251 -53.32253562281303 0),3.3833625914958207
974,POINT Z (-73.89571212984262 -53.32112155975242 0),4.135185542000137
975,POINT Z (-73.625560115048 -53.31831490634865 0),4.063205168887381
976,POINT Z (-73.58053939696978 -53.31778767610379 0),3.6590516533172073
977,POINT Z (-73.56553280892462 -53.31760815841324 0),3.1072325059538586
978,POINT Z (-73.5505263826862 -53.31742675366043 0),2.904191221840857
979,POINT Z (-73.5355201199441 -53.31724346189144 0),3.2598444275495893
980,POINT Z (-73.47549673772652 -53.31649142559133 0),3.1408356049500394
981,POINT Z (-73.43048100054705 -53.31590758702386 0),2.7144176165949063
982,POINT Z (-73.41547610658651 -53.31570920084055 0),2.7144176165949063
983,POINT Z (-73.40047139132324 -53.31550892807704 0),2.615320972023661
984,POINT Z (-73.22042936098853 -53.31295852063832 0),2.904191221840857
985,POINT Z (-73.20542712238411 -53.31273372713142 0),2.904191221840857
986,POINT Z (-73.19042508610214 -53.31250704779938 0),2.904191221840857
987,POINT Z (-73.04041622197055 -53.31013654698606 0),2.5873402367724454
988,POINT Z (-73.02541652251085 -53.30988912747846 0),2.5873402367724454
989,POINT Z (-73.01041704560154 -53.30963982286736 0),2.154434690031884
990,POINT Z (-72.99541779292734 -53.30938863321602 0),2.418271175121957
991,POINT Z (-72.77045705610007 -53.30539462807342 0),2.329986101501426
992,POINT Z (-72.74046643708613 -53.30483006156754 0),2.329986101501426
993,POINT Z (-72.72547150853454 -53.30454495254783 0),2.7144176165949063
994,POINT Z (-72.71047683619518 -53.30425795977976 0),2.492882871678434
995,POINT Z (-72.51557017582132 -53.30035566644857 0),2.492882871678434
996,POINT Z (-72.50057926690181 -53.30004230905915 0),2.492882871678434
997,POINT Z (-72.48558863939387 -53.29972706906259 0),2.5873402367724454
998,POINT Z (-72.4705982949759 -53.29940994653872 0),2.5873402367724454
999,POINT Z (-72.45560823532612 -53.2990909415679 0),2.5873402367724454
