<?xml version="1.0" encoding="UTF-8"?>
<metadata xml:lang="en"><Esri><CreaDate>20190731</CreaDate><CreaTime>15365700</CreaTime><ArcGISFormat>1.0</ArcGISFormat><SyncOnce>TRUE</SyncOnce><DataProperties><itemProps><itemLocation><linkage Sync="TRUE">file://\\DESKTOP-ONGI3KV\E\MPRFR FD PORTION\FD_Portion_MPR</linkage><protocol Sync="TRUE">Local Area Network</protocol></itemLocation></itemProps><copyHistory><copy source="C:\Users\DDFS\Documents\ArcGIS\Spatial Data\All MPRFR\FD_Portion_MPR" dest="\\DESKTOP-ONGI3KV\E\MPRFR FD PORTION\FD_Portion_MPR" date="20190731" time="15365700"></copy></copyHistory></DataProperties></Esri></metadata>
