FIPS,County_Surface,ACRES_2016,2016
1001,#VALUE!,2.329,59,30
1003,#DIV/0!,3.588,64,32
1005,#DIV/0!,13.560,43,22
1007,#DIV/0!,452,38,40
1009,#DIV/0!,954,42,57
1011,#DIV/0!,8.751,33,44
1013,#DIV/0!,2.357,43,96
1015,#DIV/0!,37,37,59
1017,#DIV/0!,1.479,27,47
1019,#DIV/0!,2.510,41,27
1021,#DIV/0!,646,37,56
1023,#DIV/0!,196,41,23
1025,#DIV/0!,62,39,25
1027,#DIV/0!,22,30,31
1029,#DIV/0!,170,39,78
1031,#DIV/0!,12.471,48,42
1033,#DIV/0!,1.605,64,38
1035,#DIV/0!,4.189,47,48
1037,#DIV/0!,53,40,84
1039,#DIV/0!,12.504,54,16
1041,#DIV/0!,7.821,40,96
1043,#DIV/0!,1.078,44,53
1045,#DIV/0!,3.854,45,43
1047,#DIV/0!,13.153,36,78
1049,#DIV/0!,1.608,45,32
1051,#DIV/0!,698,43,58
1053,#DIV/0!,3.613,64,99
1055,#DIV/0!,796,40,50
1057,#DIV/0!,1.524,41,39
1059,#DIV/0!,2.246,56,66
1061,#DIV/0!,17.292,49,90
1063,#DIV/0!,7.660,33,84
1065,#DIV/0!,2.405,34,57
1067,#DIV/0!,6.234,44,29
1069,#DIV/0!,8.768,49,64
1071,#DIV/0!,3.278,50,14
1073,#DIV/0!,0,.
1075,#DIV/0!,1.331,36,65
1077,#DIV/0!,4.233,64,03
1079,#DIV/0!,11.477,70,42
1081,#DIV/0!,280,41,81
1083,#DIV/0!,1.668,66,65
1085,#DIV/0!,6.692,30,13
1087,#DIV/0!,3.950,42,07
1089,#DIV/0!,1.059,59,94
1091,#DIV/0!,8.370,32,99
1093,#DIV/0!,2.052,37,93
1095,#DIV/0!,993,43,61
1097,#DIV/0!,362,54,53
1099,#DIV/0!,2.355,67,32
1101,#DIV/0!,7.110,32,54
1103,#DIV/0!,4.808,58,12
1105,#DIV/0!,9.329,34,70
1107,#DIV/0!,4.518,40,61
1109,#DIV/0!,7.456,46,02
1111,#DIV/0!,146,31,17
1113,#DIV/0!,4.417,33,95
1115,#DIV/0!,556,39,31
1117,#DIV/0!,5,47,60
1119,#DIV/0!,15.123,40,04
1121,#DIV/0!,879,42,47
1123,#DIV/0!,340,32,36
1125,#DIV/0!,718,46,10
1127,#DIV/0!,312,36,66
1129,#DIV/0!,274,42,54
1131,#DIV/0!,4.285,41,87
1133,#DIV/0!,156,46,14
2999,#DIV/0!,17.424,35,14
4001,#DIV/0!,0,.
4003,#DIV/0!,0,.
4005,#DIV/0!,0,.
4007,#DIV/0!,0,.
4009,#DIV/0!,0,.
4011,#DIV/0!,0,.
4012,#DIV/0!,0,.
4013,#DIV/0!,0,.
4015,#DIV/0!,0,.
4017,#DIV/0!,0,.
4019,#DIV/0!,0,.
4021,#DIV/0!,0,.
4023,#DIV/0!,0,.
4025,#DIV/0!,0,.
4027,#DIV/0!,0,.
5001,#DIV/0!,15.174,79,14
5003,#DIV/0!,7.752,67,19
5005,#DIV/0!,66,60,00
5007,#DIV/0!,46,42,92
5009,#DIV/0!,195,21,26
5011,#DIV/0!,120,49,80
5013,#DIV/0!,298,41,34
5015,#DIV/0!,103,52,90
5017,#DIV/0!,15.670,76,39
5019,#DIV/0!,1.263,40,68
5021,#DIV/0!,5.199,76,42
5023,#DIV/0!,94,38,77
5025,#DIV/0!,83,46,15
5027,#DIV/0!,0,.
5029,#DIV/0!,713,41,78
5031,#DIV/0!,1.752,83,07
5033,#DIV/0!,462,79,40
5035,#DIV/0!,8.280,80,29
5037,#DIV/0!,12.077,78,21
5039,#DIV/0!,263,43,89
5041,#DIV/0!,8.514,76,18
5043,#DIV/0!,5.878,71,49
5045,#DIV/0!,1.448,48,73
5047,#DIV/0!,369,36,53
5049,#DIV/0!,16,69,04
5051,#DIV/0!,9,44,00
5053,#DIV/0!,1,41,00
5055,#DIV/0!,2.547,76,83
5057,#DIV/0!,1.160,35,02
5059,#DIV/0!,16,54,00
5061,#DIV/0!,0,.
5063,#DIV/0!,5.068,70,39
5065,#DIV/0!,2,47,40
5067,#DIV/0!,13.702,75,22
5069,#DIV/0!,21.396,81,87
5071,#DIV/0!,63,52,40
5073,#DIV/0!,0,.
5075,#DIV/0!,3.017,77,48
5077,#DIV/0!,2.444,68,56
5079,#DIV/0!,9.258,71,47
5081,#DIV/0!,179,48,96
5083,#DIV/0!,77,30,15
5085,#DIV/0!,12.036,83,21
5087,#DIV/0!,215,54,72
5089,#DIV/0!,0,.
5091,#DIV/0!,2.395,48,55
5093,#DIV/0!,724,88,04
5095,#DIV/0!,4.045,70,34
5097,#DIV/0!,43,44,99
5099,#DIV/0!,738,24,46
5101,#DIV/0!,0,.
5103,#DIV/0!,249,43,04
5105,#DIV/0!,1.129,52,32
5107,#DIV/0!,3.363,70,23
5109,#DIV/0!,0,.
5111,#DIV/0!,2.699,71,75
5113,#DIV/0!,0,.
5115,#DIV/0!,1.915,55,37
5117,#DIV/0!,14.869,72,51
5119,#DIV/0!,4.036,72,70
5121,#DIV/0!,354,77,88
5123,#DIV/0!,4.527,66,30
5125,#DIV/0!,1,47,80
5127,#DIV/0!,323,43,98
5129,#DIV/0!,61,64,00
5131,#DIV/0!,0,.
5133,#DIV/0!,230,44,88
5135,#DIV/0!,137,56,29
5137,#DIV/0!,13,64,00
5139,#DIV/0!,0,.
5141,#DIV/0!,0,.
5143,#DIV/0!,105,52,05
5145,#DIV/0!,21.100,58,36
5147,#DIV/0!,6.216,71,84
5149,#DIV/0!,5.207,61,95
6001,#DIV/0!,0,.
6003,#DIV/0!,0,.
6005,#DIV/0!,0,.
6007,#DIV/0!,0,.
6009,#DIV/0!,0,.
6011,#DIV/0!,552,30,98
6013,#DIV/0!,0,.
6015,#DIV/0!,0,.
6017,#DIV/0!,0,.
6019,#DIV/0!,0,.
6021,#DIV/0!,991,46,69
6023,#DIV/0!,8,76,60
6025,#DIV/0!,0,.
6027,#DIV/0!,0,.
6029,#DIV/0!,5.366,31,97
6031,#DIV/0!,0,.
6033,#DIV/0!,0,.
6035,#DIV/0!,0,.
6037,#DIV/0!,338,94,30
6039,#DIV/0!,0,.
6041,#DIV/0!,0,.
6043,#DIV/0!,0,.
6045,#DIV/0!,0,.
6047,#DIV/0!,559,18,00
6049,#DIV/0!,0,.
6051,#DIV/0!,0,.
6053,#DIV/0!,11.029,50,21
6055,#DIV/0!,0,.
6057,#DIV/0!,0,.
6059,#DIV/0!,0,.
6061,#DIV/0!,0,.
6063,#DIV/0!,3,53,20
6065,#DIV/0!,0,.
6067,#DIV/0!,0,.
6069,#DIV/0!,0,.
6071,#DIV/0!,0,.
6073,#DIV/0!,0,.
6075,#DIV/0!,0,.
6077,#DIV/0!,0,.
6079,#DIV/0!,41.168,42,22
6081,#DIV/0!,0,.
6083,#DIV/0!,0,.
6085,#DIV/0!,0,.
6087,#DIV/0!,0,.
6089,#DIV/0!,0,.
6091,#DIV/0!,0,.
6093,#DIV/0!,8.954,55,40
6095,#DIV/0!,284,105,00
6097,#DIV/0!,0,.
6099,#DIV/0!,587,22,00
6101,#DIV/0!,1.023,43,96
6103,#DIV/0!,106,66,60
6105,#DIV/0!,0,.
6107,#DIV/0!,0,.
6109,#DIV/0!,0,.
6111,#DIV/0!,0,.
6113,#DIV/0!,8.644,36,25
6115,#DIV/0!,0,.
8001,#DIV/0!,32.727,24,24
8003,#DIV/0!,3.477,175,00
8005,#DIV/0!,14.693,21,39
8007,#DIV/0!,0,.
8009,#DIV/0!,261.460,34,30
8011,#DIV/0!,33.223,36,62
8013,#DIV/0!,162,25,57
8015,#DIV/0!,0,.
8017,#DIV/0!,120.962,33,16
8019,#DIV/0!,0,.
8021,#DIV/0!,51,41,60
8023,#DIV/0!,13,30,00
8025,#DIV/0!,21.260,34,82
8027,#DIV/0!,0,.
8029,#DIV/0!,0,.
8031,#DIV/0!,0,.
8033,#DIV/0!,17.631,37,15
8035,#DIV/0!,0,.
8037,#DIV/0!,0,.
8039,#DIV/0!,38.553,31,51
8041,#DIV/0!,13.470,34,29
8043,#DIV/0!,0,.
8045,#DIV/0!,82,32,48
8047,#DIV/0!,0,.
8049,#DIV/0!,0,.
8051,#DIV/0!,5,49,80
8053,#DIV/0!,0,.
8055,#DIV/0!,504,34,71
8057,#DIV/0!,8,46,00
8059,#DIV/0!,0,.
8061,#DIV/0!,175.255,32,89
8063,#DIV/0!,108.624,40,21
8065,#DIV/0!,0,.
8067,#DIV/0!,9.205,46,76
8069,#DIV/0!,527,31,70
8071,#DIV/0!,19.757,35,35
8073,#DIV/0!,107.929,29,69
8075,#DIV/0!,88.940,35,04
8077,#DIV/0!,0,.
8079,#DIV/0!,0,.
8081,#DIV/0!,25.070,30,28
8083,#DIV/0!,12.107,38,04
8085,#DIV/0!,26,45,00
8087,#DIV/0!,51.142,30,91
8089,#DIV/0!,2.014,35,26
8091,#DIV/0!,0,.
8093,#DIV/0!,7,47,40
8095,#DIV/0!,35.419,43,44
8097,#DIV/0!,0,.
8099,#DIV/0!,152.511,34,53
8101,#DIV/0!,36.137,37,94
8103,#DIV/0!,5,45,92
8105,#DIV/0!,665,175,00
8107,#DIV/0!,15.402,34,42
8109,#DIV/0!,1.713,175,00
8111,#DIV/0!,0,.
8113,#DIV/0!,5.003,37,17
8115,#DIV/0!,11.635,38,14
8117,#DIV/0!,0,.
8119,#DIV/0!,0,.
8121,#DIV/0!,122.467,32,08
8123,#DIV/0!,219.046,32,96
8125,#DIV/0!,94.572,48,11
9001,#DIV/0!,0,.
9003,#DIV/0!,0,.
9005,#DIV/0!,44,72,23
9007,#DIV/0!,0,.
9009,#DIV/0!,7,53,00
9011,#DIV/0!,0,.
9013,#DIV/0!,0,.
9015,#DIV/0!,1,67,00
10001,#DIV/0!,1.967,120,29
10003,#DIV/0!,441,97,79
10005,#DIV/0!,2.160,121,42
12001,#DIV/0!,0,.
12003,#DIV/0!,0,.
12005,#DIV/0!,0,.
12007,#DIV/0!,0,.
12009,#DIV/0!,0,.
12011,#DIV/0!,0,.
12013,#DIV/0!,333,46,35
12015,#DIV/0!,0,.
12017,#DIV/0!,0,.
12019,#DIV/0!,0,.
12021,#DIV/0!,0,.
12023,#DIV/0!,198,64,20
12025,#DIV/0!,0,.
12027,#DIV/0!,0,.
12029,#DIV/0!,0,.
12031,#DIV/0!,0,.
12033,#DIV/0!,1.381,62,29
12035,#DIV/0!,0,.
12037,#DIV/0!,0,.
12039,#DIV/0!,235,40,05
12041,#DIV/0!,0,.
12043,#DIV/0!,0,.
12045,#DIV/0!,62,36,16
12047,#DIV/0!,97,30,77
12049,#DIV/0!,0,.
12051,#DIV/0!,0,.
12053,#DIV/0!,0,.
12055,#DIV/0!,0,.
12057,#DIV/0!,0,.
12059,#DIV/0!,3.648,40,59
12061,#DIV/0!,0,.
12063,#DIV/0!,6.323,51,50
12065,#DIV/0!,4.666,40,32
12067,#DIV/0!,0,.
12069,#DIV/0!,0,.
12071,#DIV/0!,0,.
12073,#DIV/0!,425,37,51
12075,#DIV/0!,0,.
12077,#DIV/0!,0,.
12079,#DIV/0!,2.337,42,76
12081,#DIV/0!,0,.
12083,#DIV/0!,0,.
12085,#DIV/0!,0,.
12087,#DIV/0!,0,.
12089,#DIV/0!,0,.
12091,#DIV/0!,4.472,46,31
12093,#DIV/0!,0,.
12095,#DIV/0!,0,.
12097,#DIV/0!,0,.
12099,#DIV/0!,0,.
12101,#DIV/0!,0,.
12103,#DIV/0!,0,.
12105,#DIV/0!,0,.
12107,#DIV/0!,0,.
12109,#DIV/0!,0,.
12111,#DIV/0!,0,.
12113,#DIV/0!,2.025,58,69
12115,#DIV/0!,0,.
12117,#DIV/0!,0,.
12119,#DIV/0!,0,.
12121,#DIV/0!,0,.
12123,#DIV/0!,0,.
12125,#DIV/0!,0,.
12127,#DIV/0!,0,.
12129,#DIV/0!,0,.
12131,#DIV/0!,3.284,46,79
12133,#DIV/0!,2.128,43,12
13001,#DIV/0!,811,59,16
13003,#DIV/0!,66,84,31
13005,#DIV/0!,169,70,29
13007,#DIV/0!,396,63,99
13009,#DIV/0!,0,.
13011,#DIV/0!,94,36,91
13013,#DIV/0!,5,48,40
13015,#DIV/0!,176,41,84
13017,#DIV/0!,2.591,67,19
13019,#DIV/0!,1.355,64,64
13021,#DIV/0!,0,.
13023,#DIV/0!,935,51,36
13025,#DIV/0!,165,41,00
13027,#DIV/0!,5.809,88,40
13029,#DIV/0!,233,53,70
13031,#DIV/0!,5.827,58,11
13033,#DIV/0!,2.442,38,87
13035,#DIV/0!,99,40,42
13037,#DIV/0!,4.594,70,22
13039,#DIV/0!,0,.
13043,#DIV/0!,2.810,56,46
13045,#DIV/0!,63,30,05
13047,#DIV/0!,35,51,32
13049,#DIV/0!,0,.
13051,#DIV/0!,0,.
13053,#DIV/0!,15,22,49
13055,#DIV/0!,294,35,17
13057,#DIV/0!,4,46,30
13059,#DIV/0!,376,35,37
13061,#DIV/0!,2.618,55,30
13063,#DIV/0!,0,.
13065,#DIV/0!,0,.
13067,#DIV/0!,16,54,25
13069,#DIV/0!,2.051,83,25
13071,#DIV/0!,4.696,80,31
13073,#DIV/0!,0,.
13075,#DIV/0!,909,85,87
13077,#DIV/0!,41,42,14
13079,#DIV/0!,264,65,72
13081,#DIV/0!,4.365,66,84
13083,#DIV/0!,42,54,68
13085,#DIV/0!,53,35,00
13087,#DIV/0!,4.237,63,80
13089,#DIV/0!,0,.
13091,#DIV/0!,4.765,50,16
13093,#DIV/0!,13.592,68,24
13095,#DIV/0!,620,58,21
13097,#DIV/0!,0,.
13099,#DIV/0!,9.820,55,24
13101,#DIV/0!,253,59,34
13103,#DIV/0!,22,23,25
13105,#DIV/0!,390,26,38
13107,#DIV/0!,6.190,50,97
13109,#DIV/0!,1.043,57,17
13111,#DIV/0!,22,72,13
13113,#DIV/0!,0,.
13115,#DIV/0!,1.084,53,24
13117,#DIV/0!,0,.
13119,#DIV/0!,249,31,39
13121,#DIV/0!,0,.
13123,#DIV/0!,0,.
13125,#DIV/0!,252,37,79
13127,#DIV/0!,0,.
13129,#DIV/0!,95,47,91
13131,#DIV/0!,6.461,69,91
13133,#DIV/0!,79,25,33
13135,#DIV/0!,0,.
13137,#DIV/0!,0,.
13139,#DIV/0!,49,36,00
13141,#DIV/0!,254,29,00
13143,#DIV/0!,0,.
13145,#DIV/0!,295,37,57
13147,#DIV/0!,1.077,28,63
13149,#DIV/0!,25,29,59
13151,#DIV/0!,0,.
13153,#DIV/0!,667,47,41
13155,#DIV/0!,2.354,75,67
13157,#DIV/0!,96,24,49
13159,#DIV/0!,106,26,50
13161,#DIV/0!,486,86,49
13163,#DIV/0!,1.818,36,74
13165,#DIV/0!,2.769,53,65
13167,#DIV/0!,2.722,41,41
13169,#DIV/0!,153,47,86
13171,#DIV/0!,68,47,85
13173,#DIV/0!,612,71,94
13175,#DIV/0!,11.023,43,59
13177,#DIV/0!,5.454,69,59
13179,#DIV/0!,0,.
13181,#DIV/0!,92,29,41
13183,#DIV/0!,0,.
13185,#DIV/0!,1.583,87,25
13187,#DIV/0!,0,.
13189,#DIV/0!,149,45,00
13191,#DIV/0!,0,.
13193,#DIV/0!,6.186,44,34
13195,#DIV/0!,760,37,77
13197,#DIV/0!,646,34,96
13199,#DIV/0!,1.021,33,64
13201,#DIV/0!,718,59,62
13205,#DIV/0!,4.690,74,13
13207,#DIV/0!,151,36,41
13209,#DIV/0!,1.414,59,35
13211,#DIV/0!,491,25,83
13213,#DIV/0!,157,64,94
13215,#DIV/0!,0,.
13217,#DIV/0!,161,31,87
13219,#DIV/0!,763,34,60
13221,#DIV/0!,404,26,83
13223,#DIV/0!,0,.
13225,#DIV/0!,382,47,40
13227,#DIV/0!,6,48,40
13229,#DIV/0!,433,59,55
13231,#DIV/0!,518,45,97
13233,#DIV/0!,616,37,69
13235,#DIV/0!,1.370,61,50
13237,#DIV/0!,0,.
13239,#DIV/0!,982,44,00
13241,#DIV/0!,0,.
13243,#DIV/0!,6.065,48,88
13245,#DIV/0!,175,32,38
13247,#DIV/0!,0,.
13249,#DIV/0!,1.846,48,91
13251,#DIV/0!,5.209,47,73
13253,#DIV/0!,1.045,66,64
13255,#DIV/0!,9,40,40
13257,#DIV/0!,0,.
13259,#DIV/0!,2.631,60,60
13261,#DIV/0!,12.096,66,46
13263,#DIV/0!,278,32,84
13265,#DIV/0!,0,.
13267,#DIV/0!,3.404,61,49
13269,#DIV/0!,1.602,38,79
13271,#DIV/0!,2.052,64,82
13273,#DIV/0!,15.206,61,41
13275,#DIV/0!,5.276,83,14
13277,#DIV/0!,1.481,75,22
13279,#DIV/0!,2.114,55,65
13281,#DIV/0!,0,.
13283,#DIV/0!,1.017,53,47
13285,#DIV/0!,49,29,68
13287,#DIV/0!,8.022,74,27
13289,#DIV/0!,293,49,88
13291,#DIV/0!,0,.
13293,#DIV/0!,306,41,38
13295,#DIV/0!,140,45,47
13297,#DIV/0!,977,30,87
13299,#DIV/0!,356,70,19
13301,#DIV/0!,621,34,64
13303,#DIV/0!,2.536,40,18
13305,#DIV/0!,124,56,41
13307,#DIV/0!,2.638,58,97
13309,#DIV/0!,881,67,26
13311,#DIV/0!,0,.
13313,#DIV/0!,124,47,92
13315,#DIV/0!,6.146,60,40
13317,#DIV/0!,361,27,47
13319,#DIV/0!,651,40,50
13321,#DIV/0!,5.620,69,34
15001,#DIV/0!,975,48,82
15003,#DIV/0!,0,.
15007,#DIV/0!,0,.
15009,#DIV/0!,21,88,99
16001,#DIV/0!,0,.
16003,#DIV/0!,1.627,40,52
16005,#DIV/0!,60.196,41,13
16007,#DIV/0!,15.043,39,19
16009,#DIV/0!,6.898,71,06
16011,#DIV/0!,25.035,70,63
16013,#DIV/0!,774,76,49
16015,#DIV/0!,13,44,80
16017,#DIV/0!,118,46,60
16019,#DIV/0!,54.433,51,11
16021,#DIV/0!,585,56,47
16023,#DIV/0!,703,49,47
16025,#DIV/0!,3.610,61,26
16027,#DIV/0!,0,.
16029,#DIV/0!,41.652,49,62
16031,#DIV/0!,54.363,69,43
16033,#DIV/0!,4.816,44,07
16035,#DIV/0!,2.500,62,89
16037,#DIV/0!,387,52,53
16039,#DIV/0!,629,31,99
16041,#DIV/0!,30.660,50,72
16043,#DIV/0!,23.201,47,86
16045,#DIV/0!,71,50,79
16047,#DIV/0!,0,.
16049,#DIV/0!,7.286,75,25
16051,#DIV/0!,4.612,76,78
16053,#DIV/0!,592,134,00
16055,#DIV/0!,7.184,59,92
16057,#DIV/0!,23.288,63,24
16059,#DIV/0!,0,.
16061,#DIV/0!,5.343,72,07
16063,#DIV/0!,495,134,00
16065,#DIV/0!,14.821,49,62
16067,#DIV/0!,4.622,128,46
16069,#DIV/0!,7.983,85,46
16071,#DIV/0!,48.858,39,34
16073,#DIV/0!,0,.
16075,#DIV/0!,124,53,56
16077,#DIV/0!,95.441,45,74
16079,#DIV/0!,0,.
16081,#DIV/0!,13.069,36,00
16083,#DIV/0!,2.312,62,48
16085,#DIV/0!,34,60,40
16087,#DIV/0!,5.710,36,72
17001,#DIV/0!,17.255,134,28
17003,#DIV/0!,2.043,124,33
17005,#DIV/0!,7.840,172,92
17007,#DIV/0!,777,197,86
17009,#DIV/0!,13.230,187,25
17011,#DIV/0!,12.388,210,66
17013,#DIV/0!,9.190,163,22
17015,#DIV/0!,9.705,207,21
17017,#DIV/0!,13.228,210,09
17019,#DIV/0!,9.522,236,41
17021,#DIV/0!,8.551,237,98
17023,#DIV/0!,8.512,171,61
17025,#DIV/0!,17.109,137,66
17027,#DIV/0!,5.457,140,74
17029,#DIV/0!,7.465,198,74
17031,#DIV/0!,0,.
17033,#DIV/0!,12.439,165,93
17035,#DIV/0!,12.870,196,21
17037,#DIV/0!,4.928,248,98
17039,#DIV/0!,4.322,217,90
17041,#DIV/0!,4.191,218,96
17043,#DIV/0!,0,.
17045,#DIV/0!,5.410,202,81
17047,#DIV/0!,5.743,112,86
17049,#DIV/0!,13.921,165,94
17051,#DIV/0!,13.961,136,69
17053,#DIV/0!,7.951,202,44
17055,#DIV/0!,9.404,90,40
17057,#DIV/0!,8.911,224,64
17059,#DIV/0!,2.332,129,49
17061,#DIV/0!,14.704,187,07
17063,#DIV/0!,2.508,230,79
17065,#DIV/0!,22.219,95,16
17067,#DIV/0!,15.132,174,53
17069,#DIV/0!,3.467,97,27
17071,#DIV/0!,5.255,223,58
17073,#DIV/0!,15.960,185,67
17075,#DIV/0!,19.197,222,22
17077,#DIV/0!,7.543,104,68
17079,#DIV/0!,13.429,145,19
17081,#DIV/0!,17.050,90,87
17083,#DIV/0!,5.698,176,34
17085,#DIV/0!,13.949,159,41
17087,#DIV/0!,15.211,83,57
17089,#DIV/0!,88,175,65
17091,#DIV/0!,3.358,187,24
17093,#DIV/0!,334,204,22
17095,#DIV/0!,10.046,208,49
17097,#DIV/0!,88,83,39
17099,#DIV/0!,8.647,234,63
17101,#DIV/0!,4.361,152,85
17103,#DIV/0!,5.372,198,35
17105,#DIV/0!,12.910,214,68
17107,#DIV/0!,11.373,236,73
17109,#DIV/0!,5.034,189,23
17111,#DIV/0!,1.318,153,41
17113,#DIV/0!,11.373,248,76
17115,#DIV/0!,3.222,253,90
17117,#DIV/0!,13.977,152,78
17119,#DIV/0!,3.296,120,92
17121,#DIV/0!,22.088,114,76
17123,#DIV/0!,3.370,208,39
17125,#DIV/0!,19.681,206,47
17127,#DIV/0!,7.248,105,14
17129,#DIV/0!,7.418,182,31
17131,#DIV/0!,14.986,186,95
17133,#DIV/0!,3.154,118,22
17135,#DIV/0!,15.116,213,94
17137,#DIV/0!,8.655,193,18
17139,#DIV/0!,2.346,227,95
17141,#DIV/0!,7.812,180,93
17143,#DIV/0!,4.897,204,78
17145,#DIV/0!,5.386,89,16
17147,#DIV/0!,3.234,249,10
17149,#DIV/0!,26.271,137,57
17151,#DIV/0!,10.048,86,79
17153,#DIV/0!,6.313,99,60
17155,#DIV/0!,1.959,217,83
17157,#DIV/0!,7.643,103,04
17159,#DIV/0!,7.144,145,12
17161,#DIV/0!,6.822,204,50
17163,#DIV/0!,2.215,117,05
17165,#DIV/0!,6.365,95,66
17167,#DIV/0!,12.848,198,22
17169,#DIV/0!,7.532,180,89
17171,#DIV/0!,6.565,156,91
17173,#DIV/0!,12.795,169,68
17175,#DIV/0!,4.143,220,11
17177,#DIV/0!,11.226,208,04
17179,#DIV/0!,10.648,204,83
17181,#DIV/0!,15.803,94,72
17183,#DIV/0!,10.293,236,42
17185,#DIV/0!,2.683,143,82
17187,#DIV/0!,3.339,211,07
17189,#DIV/0!,4.316,104,40
17191,#DIV/0!,28.756,114,54
17193,#DIV/0!,11.020,118,36
17195,#DIV/0!,16.354,201,92
17197,#DIV/0!,502,168,89
17199,#DIV/0!,6.164,80,16
17201,#DIV/0!,7.944,181,71
17203,#DIV/0!,6.512,224,05
18001,#DIV/0!,2.025,154,09
18003,#DIV/0!,4.878,139,83
18005,#DIV/0!,2.522,185,12
18007,#DIV/0!,3.199,238,93
18009,#DIV/0!,1.347,199,75
18011,#DIV/0!,864,208,26
18013,#DIV/0!,282,103,84
18015,#DIV/0!,2.334,187,53
18017,#DIV/0!,4.273,194,39
18019,#DIV/0!,382,124,54
18021,#DIV/0!,1.371,139,47
18023,#DIV/0!,1.124,210,88
18025,#DIV/0!,1.560,91,88
18027,#DIV/0!,2.223,144,94
18029,#DIV/0!,181,102,27
18031,#DIV/0!,2.946,178,35
18033,#DIV/0!,9.675,103,49
18035,#DIV/0!,1.514,195,41
18037,#DIV/0!,2.062,136,80
18039,#DIV/0!,713,128,76
18041,#DIV/0!,1.414,164,19
18043,#DIV/0!,177,101,00
18045,#DIV/0!,2.611,204,55
18047,#DIV/0!,1.598,135,97
18049,#DIV/0!,3.021,173,61
18051,#DIV/0!,1.285,162,59
18053,#DIV/0!,1.850,170,28
18055,#DIV/0!,2.577,129,11
18057,#DIV/0!,875,191,88
18059,#DIV/0!,127,205,38
18061,#DIV/0!,2.162,99,02
18063,#DIV/0!,912,197,02
18065,#DIV/0!,1.095,153,44
18067,#DIV/0!,1.324,215,76
18069,#DIV/0!,4.476,159,93
18071,#DIV/0!,3.872,148,15
18073,#DIV/0!,5.207,209,39
18075,#DIV/0!,4.089,152,79
18077,#DIV/0!,617,130,55
18079,#DIV/0!,2.078,143,14
18081,#DIV/0!,753,184,94
18083,#DIV/0!,2.351,189,46
18085,#DIV/0!,6.764,129,14
18087,#DIV/0!,1.030,105,87
18089,#DIV/0!,1.359,146,59
18091,#DIV/0!,3.350,156,55
18093,#DIV/0!,5.785,126,47
18095,#DIV/0!,1.533,190,65
18097,#DIV/0!,20,193,20
18099,#DIV/0!,3.062,133,56
18101,#DIV/0!,1.440,123,96
18103,#DIV/0!,4.694,176,12
18105,#DIV/0!,1.436,101,01
18107,#DIV/0!,5.217,210,80
18109,#DIV/0!,1.084,189,24
18111,#DIV/0!,2.554,218,83
18113,#DIV/0!,5.447,108,30
18115,#DIV/0!,14,110,79
18117,#DIV/0!,4.185,130,33
18119,#DIV/0!,2.789,129,27
18121,#DIV/0!,3.400,164,12
18123,#DIV/0!,1.545,119,04
18125,#DIV/0!,3.955,142,31
18127,#DIV/0!,1.703,129,25
18129,#DIV/0!,1.130,176,39
18131,#DIV/0!,6.772,180,34
18133,#DIV/0!,5.364,168,53
18135,#DIV/0!,1.804,164,04
18137,#DIV/0!,3.818,136,87
18139,#DIV/0!,800,183,14
18141,#DIV/0!,1.720,122,52
18143,#DIV/0!,1.488,139,28
18145,#DIV/0!,438,182,15
18147,#DIV/0!,2.368,120,27
18149,#DIV/0!,13.344,161,08
18151,#DIV/0!,6.106,95,95
18153,#DIV/0!,2.530,157,66
18155,#DIV/0!,779,128,38
18157,#DIV/0!,1.540,226,65
18159,#DIV/0!,1.048,225,04
18161,#DIV/0!,786,170,72
18163,#DIV/0!,649,190,22
18165,#DIV/0!,1.448,209,27
18167,#DIV/0!,849,197,49
18169,#DIV/0!,5.170,151,17
18171,#DIV/0!,5.650,204,26
18173,#DIV/0!,2.097,129,50
18175,#DIV/0!,3.764,132,73
18177,#DIV/0!,4.255,140,64
18179,#DIV/0!,2.187,135,71
18181,#DIV/0!,2.622,213,16
18183,#DIV/0!,3.265,109,89
19001,#DIV/0!,21.175,178,21
19003,#DIV/0!,21.777,186,35
19005,#DIV/0!,23.815,169,53
19007,#DIV/0!,23.549,132,37
19009,#DIV/0!,23.753,225,77
19011,#DIV/0!,14.734,225,07
19013,#DIV/0!,10.907,259,15
19015,#DIV/0!,12.917,198,74
19017,#DIV/0!,10.975,256,61
19019,#DIV/0!,9.559,240,50
19021,#DIV/0!,8.569,211,51
19023,#DIV/0!,21.581,222,40
19025,#DIV/0!,17.056,217,29
19027,#DIV/0!,11.370,234,11
19029,#DIV/0!,16.940,181,24
19031,#DIV/0!,11.210,182,06
19033,#DIV/0!,12.416,197,08
19035,#DIV/0!,8.102,297,46
19037,#DIV/0!,12.620,213,15
19039,#DIV/0!,30.495,166,83
19041,#DIV/0!,17.437,215,56
19043,#DIV/0!,41.391,172,48
19045,#DIV/0!,11.698,186,93
19047,#DIV/0!,16.185,275,07
19049,#DIV/0!,10.073,203,07
19051,#DIV/0!,26.559,105,01
19053,#DIV/0!,33.755,155,53
19055,#DIV/0!,16.060,225,97
19057,#DIV/0!,8.515,177,27
19059,#DIV/0!,6.930,180,27
19061,#DIV/0!,12.209,182,08
19063,#DIV/0!,7.651,183,45
19065,#DIV/0!,27.200,207,83
19067,#DIV/0!,19.114,187,81
19069,#DIV/0!,12.640,218,31
19071,#DIV/0!,7.663,192,49
19073,#DIV/0!,11.101,202,64
19075,#DIV/0!,5.729,251,96
19077,#DIV/0!,28.824,184,90
19079,#DIV/0!,12.322,221,78
19081,#DIV/0!,12.295,209,49
19083,#DIV/0!,9.710,221,29
19085,#DIV/0!,16.387,227,16
19087,#DIV/0!,28.914,156,52
19089,#DIV/0!,20.935,213,93
19091,#DIV/0!,9.310,216,81
19093,#DIV/0!,6.841,255,33
19095,#DIV/0!,24.476,177,60
19097,#DIV/0!,18.372,180,42
19099,#DIV/0!,12.546,179,35
19101,#DIV/0!,27.412,159,24
19103,#DIV/0!,14.169,170,64
19105,#DIV/0!,15.458,177,68
19107,#DIV/0!,37.929,165,65
19109,#DIV/0!,24.895,236,84
19111,#DIV/0!,16.694,150,84
19113,#DIV/0!,10.279,193,88
19115,#DIV/0!,14.781,175,37
19117,#DIV/0!,22.589,126,99
19119,#DIV/0!,3.011,173,93
19121,#DIV/0!,20.312,173,94
19123,#DIV/0!,26.860,154,20
19125,#DIV/0!,24.861,161,81
19127,#DIV/0!,11.304,208,56
19129,#DIV/0!,6.415,190,69
19131,#DIV/0!,8.313,177,01
19133,#DIV/0!,15.157,278,18
19135,#DIV/0!,26.765,148,96
19137,#DIV/0!,11.973,200,17
19139,#DIV/0!,12.543,183,42
19141,#DIV/0!,6.080,261,53
19143,#DIV/0!,7.606,216,34
19145,#DIV/0!,13.495,179,32
19147,#DIV/0!,20.835,223,03
19149,#DIV/0!,8.763,199,11
19151,#DIV/0!,9.860,208,35
19153,#DIV/0!,4.529,209,21
19155,#DIV/0!,9.252,213,49
19157,#DIV/0!,14.873,183,30
19159,#DIV/0!,46.047,164,01
19161,#DIV/0!,10.314,234,30
19163,#DIV/0!,4.534,219,17
19165,#DIV/0!,10.775,251,49
19167,#DIV/0!,7.847,273,15
19169,#DIV/0!,9.701,220,49
19171,#DIV/0!,19.140,177,32
19173,#DIV/0!,40.423,169,17
19175,#DIV/0!,21.824,190,65
19177,#DIV/0!,25.808,131,97
19179,#DIV/0!,17.960,155,72
19181,#DIV/0!,21.847,176,65
19183,#DIV/0!,37.655,178,16
19185,#DIV/0!,39.722,124,42
19187,#DIV/0!,16.921,228,69
19189,#DIV/0!,12.824,212,53
19191,#DIV/0!,29.938,161,07
19193,#DIV/0!,26.472,275,54
19195,#DIV/0!,11.231,184,91
19197,#DIV/0!,14.784,200,20
20001,#DIV/0!,6.627,55,01
20003,#DIV/0!,6.779,65,43
20005,#DIV/0!,3.106,90,51
20007,#DIV/0!,8.242,39,84
20009,#DIV/0!,19.100,37,94
20011,#DIV/0!,10.245,58,22
20013,#DIV/0!,5.663,102,32
20015,#DIV/0!,531,51,80
20017,#DIV/0!,752,69,32
20019,#DIV/0!,1.617,46,56
20021,#DIV/0!,1.482,59,05
20023,#DIV/0!,39.878,34,48
20025,#DIV/0!,36.595,35,75
20027,#DIV/0!,14.035,59,12
20029,#DIV/0!,5.896,55,76
20031,#DIV/0!,17.326,59,79
20033,#DIV/0!,22.046,33,88
20035,#DIV/0!,3.306,45,76
20037,#DIV/0!,6.524,55,28
20039,#DIV/0!,4.802,42,13
20041,#DIV/0!,26.579,54,96
20043,#DIV/0!,5.880,115,62
20045,#DIV/0!,3.829,67,34
20047,#DIV/0!,17.341,36,75
20049,#DIV/0!,2.070,54,00
20051,#DIV/0!,25.760,38,04
20053,#DIV/0!,22.118,45,00
20055,#DIV/0!,51.311,44,01
20057,#DIV/0!,40.518,37,48
20059,#DIV/0!,4.386,63,27
20061,#DIV/0!,2.547,65,86
20063,#DIV/0!,32.388,40,32
20065,#DIV/0!,47.097,40,52
20067,#DIV/0!,38.010,36,11
20069,#DIV/0!,49.734,52,99
20071,#DIV/0!,22.682,34,09
20073,#DIV/0!,4.009,56,15
20075,#DIV/0!,115.624,33,06
20077,#DIV/0!,19.055,37,82
20079,#DIV/0!,3.019,46,50
20081,#DIV/0!,13.680,38,11
20083,#DIV/0!,59.185,38,25
20085,#DIV/0!,11.367,72,49
20087,#DIV/0!,5.591,68,89
20089,#DIV/0!,8.909,50,76
20091,#DIV/0!,565,59,90
20093,#DIV/0!,48.790,49,00
20095,#DIV/0!,23.569,39,13
20097,#DIV/0!,41.287,37,08
20099,#DIV/0!,2.706,54,10
20101,#DIV/0!,43.009,38,00
20103,#DIV/0!,3.217,71,03
20105,#DIV/0!,14.058,53,53
20107,#DIV/0!,9.850,60,63
20109,#DIV/0!,28.097,36,35
20111,#DIV/0!,11.965,52,78
20113,#DIV/0!,7.336,46,09
20115,#DIV/0!,10.217,44,86
20117,#DIV/0!,10.700,78,76
20119,#DIV/0!,55.563,38,63
20121,#DIV/0!,3.739,57,95
20123,#DIV/0!,6.953,56,28
20125,#DIV/0!,1.225,53,93
20127,#DIV/0!,3.452,52,47
20129,#DIV/0!,77.524,32,93
20131,#DIV/0!,8.202,93,95
20133,#DIV/0!,6.029,51,32
20135,#DIV/0!,96.160,40,03
20137,#DIV/0!,16.007,36,54
20139,#DIV/0!,9.779,58,12
20141,#DIV/0!,14.102,49,97
20143,#DIV/0!,9.578,53,20
20145,#DIV/0!,22.240,38,25
20147,#DIV/0!,12.942,44,08
20149,#DIV/0!,10.265,72,91
20151,#DIV/0!,30.846,34,48
20153,#DIV/0!,2.872,40,48
20155,#DIV/0!,69.375,46,90
20157,#DIV/0!,6.765,59,53
20159,#DIV/0!,11.213,44,60
20161,#DIV/0!,2.618,69,22
20163,#DIV/0!,26.737,43,54
20165,#DIV/0!,49.359,39,54
20167,#DIV/0!,47.038,40,12
20169,#DIV/0!,9.239,49,29
20171,#DIV/0!,12.362,40,67
20173,#DIV/0!,1.283,45,32
20175,#DIV/0!,47.342,35,49
20177,#DIV/0!,3.050,78,28
20179,#DIV/0!,8.935,41,24
20181,#DIV/0!,36.252,35,99
20183,#DIV/0!,9.160,47,97
20185,#DIV/0!,33.807,44,73
20187,#DIV/0!,64.876,31,53
20189,#DIV/0!,58.323,32,58
20191,#DIV/0!,6.682,42,69
20193,#DIV/0!,14.604,37,49
20195,#DIV/0!,30.661,37,74
20197,#DIV/0!,8.894,70,79
20199,#DIV/0!,41.591,35,13
20201,#DIV/0!,15.023,68,15
20203,#DIV/0!,18.977,41,06
20205,#DIV/0!,2.824,55,57
20207,#DIV/0!,5.790,53,94
20209,#DIV/0!,3,80,00
21001,#DIV/0!,7.191,143,87
21003,#DIV/0!,7.781,157,91
21005,#DIV/0!,8,66,53
21007,#DIV/0!,1.495,93,19
21009,#DIV/0!,5.656,160,99
21011,#DIV/0!,56,59,47
21013,#DIV/0!,0,.
21015,#DIV/0!,11,63,08
21017,#DIV/0!,897,65,91
21019,#DIV/0!,12,63,20
21021,#DIV/0!,212,69,47
21023,#DIV/0!,11,65,88
21025,#DIV/0!,0,.
21027,#DIV/0!,4.641,88,28
21029,#DIV/0!,55,71,16
21031,#DIV/0!,7.377,145,70
21033,#DIV/0!,4.162,113,04
21035,#DIV/0!,5.231,110,27
21037,#DIV/0!,22,48,58
21039,#DIV/0!,1.877,116,26
21041,#DIV/0!,0,.
21043,#DIV/0!,13,64,96
21045,#DIV/0!,325,81,28
21047,#DIV/0!,18.182,138,24
21049,#DIV/0!,110,65,48
21051,#DIV/0!,0,.
21053,#DIV/0!,7,59,40
21055,#DIV/0!,9.364,118,08
21057,#DIV/0!,13,65,65
21059,#DIV/0!,1.363,152,94
21061,#DIV/0!,6.237,167,77
21063,#DIV/0!,0,.
21065,#DIV/0!,20,45,98
21067,#DIV/0!,125,66,56
21069,#DIV/0!,339,65,85
21071,#DIV/0!,7,41,00
21073,#DIV/0!,3,66,00
21075,#DIV/0!,1.541,133,08
21077,#DIV/0!,0,.
21079,#DIV/0!,20,61,87
21081,#DIV/0!,3,55,00
21083,#DIV/0!,13.264,97,65
21085,#DIV/0!,8.864,100,62
21087,#DIV/0!,13.368,157,10
21089,#DIV/0!,22,71,52
21091,#DIV/0!,299,119,66
21093,#DIV/0!,1.974,111,68
21095,#DIV/0!,0,.
21097,#DIV/0!,272,70,73
21099,#DIV/0!,15.468,200,77
21101,#DIV/0!,3.301,139,97
21103,#DIV/0!,83,78,83
21105,#DIV/0!,3.854,126,36
21107,#DIV/0!,4.889,124,79
21109,#DIV/0!,2,47,96
21111,#DIV/0!,6,72,20
21113,#DIV/0!,14,62,58
21115,#DIV/0!,0,.
21117,#DIV/0!,8,66,46
21119,#DIV/0!,0,.
21121,#DIV/0!,16,56,47
21123,#DIV/0!,683,205,12
21125,#DIV/0!,0,.
21127,#DIV/0!,0,.
21129,#DIV/0!,7,52,20
21131,#DIV/0!,0,.
21133,#DIV/0!,0,.
21135,#DIV/0!,35,64,50
21137,#DIV/0!,113,65,74
21139,#DIV/0!,5.832,93,19
21141,#DIV/0!,18.896,197,11
21143,#DIV/0!,711,88,51
21145,#DIV/0!,1.208,85,40
21147,#DIV/0!,0,.
21149,#DIV/0!,2.269,113,11
21151,#DIV/0!,73,62,08
21153,#DIV/0!,2,74,13
21155,#DIV/0!,933,97,72
21157,#DIV/0!,4.652,98,30
21159,#DIV/0!,0,.
21161,#DIV/0!,123,64,26
21163,#DIV/0!,757,90,16
21165,#DIV/0!,0,.
21167,#DIV/0!,154,58,46
21169,#DIV/0!,5.436,139,27
21171,#DIV/0!,174,82,56
21173,#DIV/0!,204,59,76
21175,#DIV/0!,0,.
21177,#DIV/0!,6.871,95,43
21179,#DIV/0!,537,84,95
21181,#DIV/0!,91,70,15
21183,#DIV/0!,1.326,105,15
21185,#DIV/0!,126,75,88
21187,#DIV/0!,37,69,00
21189,#DIV/0!,0,.
21191,#DIV/0!,152,81,76
21193,#DIV/0!,0,.
21195,#DIV/0!,0,.
21197,#DIV/0!,2,53,20
21199,#DIV/0!,102,73,40
21201,#DIV/0!,1,69,00
21203,#DIV/0!,13,59,91
21205,#DIV/0!,0,.
21207,#DIV/0!,1.260,135,80
21209,#DIV/0!,12,65,52
21211,#DIV/0!,794,90,48
21213,#DIV/0!,3.271,194,24
21215,#DIV/0!,0,.
21217,#DIV/0!,3.961,151,11
21219,#DIV/0!,4.828,155,47
21221,#DIV/0!,2.073,153,28
21223,#DIV/0!,0,.
21225,#DIV/0!,2.956,162,88
21227,#DIV/0!,18.197,216,74
21229,#DIV/0!,475,71,42
21231,#DIV/0!,105,123,02
21233,#DIV/0!,11.435,148,67
21235,#DIV/0!,45,42,00
21237,#DIV/0!,0,.
21239,#DIV/0!,35,63,41
22001,#DIV/0!,10,45,38
22003,#DIV/0!,237,55,51
22005,#DIV/0!,0,.
22007,#DIV/0!,0,.
22009,#DIV/0!,13.755,75,45
22011,#DIV/0!,3.982,38,11
22013,#DIV/0!,32,48,20
22015,#DIV/0!,453,35,11
22017,#DIV/0!,212,64,95
22019,#DIV/0!,0,.
22021,#DIV/0!,6.726,201,67
22023,#DIV/0!,0,.
22025,#DIV/0!,24.806,90,31
22027,#DIV/0!,0,.
22029,#DIV/0!,33.837,104,74
22031,#DIV/0!,272,61,66
22033,#DIV/0!,161,35,91
22035,#DIV/0!,12.885,104,04
22037,#DIV/0!,4.846,27,24
22039,#DIV/0!,3.474,43,70
22041,#DIV/0!,28.311,81,37
22043,#DIV/0!,1.095,74,17
22045,#DIV/0!,11,50,00
22047,#DIV/0!,71,90,39
22049,#DIV/0!,0,.
22051,#DIV/0!,0,.
22053,#DIV/0!,190,70,62
22055,#DIV/0!,0,.
22057,#DIV/0!,0,.
22059,#DIV/0!,468,61,85
22061,#DIV/0!,0,.
22063,#DIV/0!,3,43,20
22065,#DIV/0!,20.082,101,80
22067,#DIV/0!,12.025,86,27
22069,#DIV/0!,10.374,67,97
22071,#DIV/0!,0,.
22073,#DIV/0!,3.319,91,30
22075,#DIV/0!,0,.
22077,#DIV/0!,0,.
22079,#DIV/0!,3.656,86,18
22081,#DIV/0!,5.011,69,65
22083,#DIV/0!,27.024,70,75
22085,#DIV/0!,43,41,16
22087,#DIV/0!,0,.
22089,#DIV/0!,0,.
22091,#DIV/0!,601,21,02
22093,#DIV/0!,0,.
22095,#DIV/0!,0,.
22097,#DIV/0!,4.734,52,81
22099,#DIV/0!,41,53,15
22101,#DIV/0!,0,.
22103,#DIV/0!,0,.
22105,#DIV/0!,852,27,08
22107,#DIV/0!,20.795,109,88
22109,#DIV/0!,0,.
22111,#DIV/0!,0,.
22113,#DIV/0!,0,.
22115,#DIV/0!,180,62,11
22117,#DIV/0!,556,28,24
22119,#DIV/0!,0,.
22121,#DIV/0!,5,45,00
22123,#DIV/0!,41.120,67,77
22125,#DIV/0!,2.962,31,35
22127,#DIV/0!,87,34,05
23001,#DIV/0!,5,58,94
23003,#DIV/0!,7.713,47,14
23005,#DIV/0!,0,.
23007,#DIV/0!,38,55,11
23009,#DIV/0!,0,.
23011,#DIV/0!,0,.
23013,#DIV/0!,0,.
23015,#DIV/0!,0,.
23017,#DIV/0!,13,47,50
23019,#DIV/0!,227,26,95
23021,#DIV/0!,0,.
23023,#DIV/0!,0,.
23025,#DIV/0!,0,.
23027,#DIV/0!,0,.
23029,#DIV/0!,0,49,80
23031,#DIV/0!,0,.
24001,#DIV/0!,719,116,88
24003,#DIV/0!,8,116,19
24005,#DIV/0!,413,136,31
24009,#DIV/0!,149,112,22
24011,#DIV/0!,3.028,162,63
24013,#DIV/0!,7.326,162,62
24015,#DIV/0!,2.008,160,71
24017,#DIV/0!,1.190,128,62
24019,#DIV/0!,7.647,199,44
24021,#DIV/0!,4.056,140,86
24023,#DIV/0!,1.024,81,80
24025,#DIV/0!,940,175,66
24027,#DIV/0!,390,155,96
24029,#DIV/0!,4.867,186,09
24031,#DIV/0!,1.129,111,90
24033,#DIV/0!,295,126,81
24035,#DIV/0!,7.986,207,86
24037,#DIV/0!,1.076,135,54
24039,#DIV/0!,2.796,165,09
24041,#DIV/0!,4.279,204,79
24043,#DIV/0!,1.737,170,35
24045,#DIV/0!,4.812,157,28
24047,#DIV/0!,5.452,185,81
24510,#DIV/0!,0,.
25001,#DIV/0!,0,.
25003,#DIV/0!,0,.
25005,#DIV/0!,0,.
25007,#DIV/0!,0,.
25009,#DIV/0!,0,.
25011,#DIV/0!,10,207,20
25013,#DIV/0!,0,.
25015,#DIV/0!,0,.
25017,#DIV/0!,0,.
25019,#DIV/0!,0,.
25021,#DIV/0!,0,.
25023,#DIV/0!,0,.
25025,#DIV/0!,0,.
25027,#DIV/0!,0,.
26001,#DIV/0!,4,36,40
26003,#DIV/0!,0,.
26005,#DIV/0!,1.546,92,65
26007,#DIV/0!,0,.
26009,#DIV/0!,28,25,30
26011,#DIV/0!,6.679,114,62
26013,#DIV/0!,0,.
26015,#DIV/0!,4.689,88,11
26017,#DIV/0!,4.651,145,84
26019,#DIV/0!,13,24,00
26021,#DIV/0!,1.075,83,02
26023,#DIV/0!,5.288,85,98
26025,#DIV/0!,3.147,85,18
26027,#DIV/0!,1.811,83,01
26029,#DIV/0!,0,.
26031,#DIV/0!,10,40,00
26033,#DIV/0!,295,32,04
26035,#DIV/0!,947,66,11
26037,#DIV/0!,3.370,101,59
26039,#DIV/0!,0,.
26041,#DIV/0!,0,.
26043,#DIV/0!,3,22,00
26045,#DIV/0!,3.054,84,82
26047,#DIV/0!,0,.
26049,#DIV/0!,532,72,44
26051,#DIV/0!,2.328,87,00
26053,#DIV/0!,0,.
26055,#DIV/0!,174,37,03
26057,#DIV/0!,6.066,129,10
26059,#DIV/0!,14.242,112,89
26061,#DIV/0!,1,25,00
26063,#DIV/0!,12.990,136,01
26065,#DIV/0!,164,72,31
26067,#DIV/0!,2.959,104,53
26069,#DIV/0!,870,53,36
26071,#DIV/0!,0,.
26073,#DIV/0!,3.597,85,55
26075,#DIV/0!,1.052,63,04
26077,#DIV/0!,543,66,03
26079,#DIV/0!,15,26,00
26081,#DIV/0!,686,88,10
26083,#DIV/0!,0,.
26085,#DIV/0!,36,47,01
26087,#DIV/0!,735,90,21
26089,#DIV/0!,1,39,80
26091,#DIV/0!,23.599,138,34
26093,#DIV/0!,90,65,68
26095,#DIV/0!,0,.
26097,#DIV/0!,8,26,56
26099,#DIV/0!,0,.
26101,#DIV/0!,13,27,42
26103,#DIV/0!,4,21,00
26105,#DIV/0!,424,69,74
26107,#DIV/0!,1.087,55,09
26109,#DIV/0!,17,20,00
26111,#DIV/0!,3.919,147,97
26113,#DIV/0!,129,56,41
26115,#DIV/0!,2.638,158,21
26117,#DIV/0!,1.975,57,08
26119,#DIV/0!,0,.
26121,#DIV/0!,251,76,55
26123,#DIV/0!,271,52,40
26125,#DIV/0!,0,.
26127,#DIV/0!,520,53,93
26129,#DIV/0!,746,53,89
26131,#DIV/0!,7,21,00
26133,#DIV/0!,660,31,32
26135,#DIV/0!,46,30,00
26137,#DIV/0!,0,.
26139,#DIV/0!,534,85,39
26141,#DIV/0!,310,44,27
26143,#DIV/0!,0,.
26145,#DIV/0!,11.968,154,34
26147,#DIV/0!,52,63,28
26149,#DIV/0!,1.888,85,69
26151,#DIV/0!,6.631,96,36
26153,#DIV/0!,0,.
26155,#DIV/0!,2.880,86,28
26157,#DIV/0!,10.984,135,60
26159,#DIV/0!,1.932,81,42
26161,#DIV/0!,806,84,10
26163,#DIV/0!,0,.
26165,#DIV/0!,101,32,49
27001,#DIV/0!,548,37,11
27003,#DIV/0!,150,49,46
27005,#DIV/0!,25.082,68,27
27007,#DIV/0!,3.029,41,36
27009,#DIV/0!,2.884,55,40
27011,#DIV/0!,7.902,95,14
27013,#DIV/0!,10.818,134,55
27015,#DIV/0!,14.965,140,82
27017,#DIV/0!,260,30,01
27019,#DIV/0!,4.097,174,63
27021,#DIV/0!,585,33,54
27023,#DIV/0!,13.135,136,92
27025,#DIV/0!,412,55,97
27027,#DIV/0!,18.603,81,38
27029,#DIV/0!,2.839,40,70
27031,#DIV/0!,11,31,40
27033,#DIV/0!,12.163,122,82
27035,#DIV/0!,17,32,10
27037,#DIV/0!,2.132,153,73
27039,#DIV/0!,3.313,194,64
27041,#DIV/0!,21.021,78,28
27043,#DIV/0!,5.389,149,12
27045,#DIV/0!,17.809,174,80
27047,#DIV/0!,10.687,197,37
27049,#DIV/0!,6.512,150,40
27051,#DIV/0!,25.109,117,90
27053,#DIV/0!,656,99,75
27055,#DIV/0!,10.996,135,10
27057,#DIV/0!,446,46,99
27059,#DIV/0!,715,50,66
27061,#DIV/0!,548,31,36
27063,#DIV/0!,8.665,136,85
27065,#DIV/0!,189,39,13
27067,#DIV/0!,33.223,131,09
27069,#DIV/0!,81.500,59,64
27071,#DIV/0!,81,32,28
27073,#DIV/0!,26.741,119,61
27075,#DIV/0!,0,.
27077,#DIV/0!,1.049,35,51
27079,#DIV/0!,17.434,176,72
27081,#DIV/0!,27.141,146,21
27083,#DIV/0!,14.482,155,49
27085,#DIV/0!,6.784,168,90
27087,#DIV/0!,5.874,74,85
27089,#DIV/0!,111.107,62,98
27091,#DIV/0!,6.604,148,98
27093,#DIV/0!,17.210,126,37
27095,#DIV/0!,701,53,49
27097,#DIV/0!,5.141,48,52
27099,#DIV/0!,7.949,226,93
27101,#DIV/0!,18.096,129,17
27103,#DIV/0!,4.117,169,23
27105,#DIV/0!,8.608,138,50
27107,#DIV/0!,18.162,66,86
27109,#DIV/0!,6.975,177,64
27111,#DIV/0!,59.127,65,06
27113,#DIV/0!,21.292,52,93
27115,#DIV/0!,180,38,14
27117,#DIV/0!,6.646,120,57
27119,#DIV/0!,66.666,71,30
27121,#DIV/0!,28.949,81,85
27123,#DIV/0!,0,.
27125,#DIV/0!,11.577,54,77
27127,#DIV/0!,16.998,149,11
27129,#DIV/0!,12.929,150,05
27131,#DIV/0!,12.069,144,30
27133,#DIV/0!,2.158,150,54
27135,#DIV/0!,84.121,39,94
27137,#DIV/0!,87,31,28
27139,#DIV/0!,2.804,143,92
27141,#DIV/0!,1.205,44,85
27143,#DIV/0!,5.646,219,12
27145,#DIV/0!,24.684,92,84
27147,#DIV/0!,9.968,159,22
27149,#DIV/0!,12.730,106,85
27151,#DIV/0!,27.224,119,24
27153,#DIV/0!,10.129,60,99
27155,#DIV/0!,16.183,125,10
27157,#DIV/0!,6.365,155,98
27159,#DIV/0!,2.411,43,10
27161,#DIV/0!,8.276,158,48
27163,#DIV/0!,314,71,86
27165,#DIV/0!,5.960,166,18
27167,#DIV/0!,11.283,93,19
27169,#DIV/0!,6.668,143,79
27171,#DIV/0!,7.863,104,27
27173,#DIV/0!,20.144,137,87
28001,#DIV/0!,2.902,58,86
28003,#DIV/0!,5.353,50,10
28005,#DIV/0!,6.487,29,26
28007,#DIV/0!,13.709,66,90
28009,#DIV/0!,4.716,52,33
28011,#DIV/0!,10.009,76,06
28013,#DIV/0!,17.948,104,13
28015,#DIV/0!,17.653,76,75
28017,#DIV/0!,23.543,64,84
28019,#DIV/0!,5.049,44,98
28021,#DIV/0!,8.747,47,62
28023,#DIV/0!,987,27,89
28025,#DIV/0!,16.363,51,43
28027,#DIV/0!,10.819,88,10
28029,#DIV/0!,7.472,46,72
28031,#DIV/0!,1.518,40,53
28033,#DIV/0!,4.389,75,71
28035,#DIV/0!,491,28,22
28037,#DIV/0!,1.944,34,06
28039,#DIV/0!,123,37,23
28041,#DIV/0!,110,34,71
28043,#DIV/0!,8.711,58,56
28045,#DIV/0!,199,22,90
28047,#DIV/0!,0,.
28049,#DIV/0!,25.167,50,17
28051,#DIV/0!,22.427,83,27
28053,#DIV/0!,10.001,90,32
28055,#DIV/0!,6.160,95,00
28057,#DIV/0!,6.946,48,74
28059,#DIV/0!,0,.
28061,#DIV/0!,1.501,38,39
28063,#DIV/0!,3.249,41,40
28065,#DIV/0!,1.206,26,58
28067,#DIV/0!,2.575,36,34
28069,#DIV/0!,4.370,35,82
28071,#DIV/0!,6.868,51,87
28073,#DIV/0!,880,27,82
28075,#DIV/0!,1.290,38,83
28077,#DIV/0!,1.259,44,72
28079,#DIV/0!,4.837,45,18
28081,#DIV/0!,4.096,42,70
28083,#DIV/0!,19.095,79,28
28085,#DIV/0!,2.049,31,99
28087,#DIV/0!,12.079,41,39
28089,#DIV/0!,28.815,56,96
28091,#DIV/0!,3.918,37,53
28093,#DIV/0!,9.667,55,93
28095,#DIV/0!,16.292,52,20
28097,#DIV/0!,6.573,64,48
28099,#DIV/0!,3.089,39,26
28101,#DIV/0!,5.878,35,81
28103,#DIV/0!,22.138,48,48
28105,#DIV/0!,12.093,41,81
28107,#DIV/0!,41.410,63,87
28109,#DIV/0!,5.258,32,50
28111,#DIV/0!,981,28,89
28113,#DIV/0!,1.693,29,22
28115,#DIV/0!,19.878,52,12
28117,#DIV/0!,10.511,61,67
28119,#DIV/0!,30.899,79,16
28121,#DIV/0!,8.000,53,66
28123,#DIV/0!,7.127,39,90
28125,#DIV/0!,13.538,90,89
28127,#DIV/0!,3.512,34,37
28129,#DIV/0!,1.486,38,45
28131,#DIV/0!,520,38,31
28133,#DIV/0!,9.127,76,75
28135,#DIV/0!,26.537,70,61
28137,#DIV/0!,9.137,70,00
28139,#DIV/0!,9.019,51,23
28141,#DIV/0!,3.210,45,29
28143,#DIV/0!,4.508,76,56
28145,#DIV/0!,13.306,47,23
28147,#DIV/0!,7.955,31,94
28149,#DIV/0!,9.091,100,47
28151,#DIV/0!,5.655,85,20
28153,#DIV/0!,392,35,53
28155,#DIV/0!,8.088,77,90
28157,#DIV/0!,5.583,35,23
28159,#DIV/0!,4.341,35,16
28161,#DIV/0!,6.943,57,47
28163,#DIV/0!,43.039,88,73
29001,#DIV/0!,18.018,93,13
29003,#DIV/0!,10.802,108,19
29005,#DIV/0!,5.251,154,92
29007,#DIV/0!,7.013,98,42
29009,#DIV/0!,99,55,52
29011,#DIV/0!,10.064,70,91
29013,#DIV/0!,7.439,79,66
29015,#DIV/0!,727,83,69
29017,#DIV/0!,1.764,75,70
29019,#DIV/0!,3.450,96,44
29021,#DIV/0!,4.480,115,42
29023,#DIV/0!,710,112,30
29025,#DIV/0!,29.807,98,29
29027,#DIV/0!,8.576,102,62
29029,#DIV/0!,34,50,59
29031,#DIV/0!,8.576,85,98
29033,#DIV/0!,44.434,127,05
29035,#DIV/0!,65,50,50
29037,#DIV/0!,8.380,78,74
29039,#DIV/0!,965,69,55
29041,#DIV/0!,23.241,93,52
29043,#DIV/0!,41,63,19
29045,#DIV/0!,16.287,108,60
29047,#DIV/0!,1.508,96,42
29049,#DIV/0!,9.544,99,37
29051,#DIV/0!,1.060,93,10
29053,#DIV/0!,8.085,100,75
29055,#DIV/0!,375,61,23
29057,#DIV/0!,1.951,65,90
29059,#DIV/0!,119,48,48
29061,#DIV/0!,44.635,114,28
29063,#DIV/0!,23.066,110,53
29065,#DIV/0!,90,51,42
29067,#DIV/0!,514,51,12
29069,#DIV/0!,741,102,45
29071,#DIV/0!,2.210,76,62
29073,#DIV/0!,1.385,77,14
29075,#DIV/0!,37.782,117,88
29077,#DIV/0!,15,49,50
29079,#DIV/0!,29.495,119,63
29081,#DIV/0!,66.779,127,66
29083,#DIV/0!,5.372,80,36
29085,#DIV/0!,321,74,92
29087,#DIV/0!,5.639,141,14
29089,#DIV/0!,11.327,99,32
29091,#DIV/0!,329,48,47
29093,#DIV/0!,15,53,64
29095,#DIV/0!,145,82,36
29097,#DIV/0!,3.745,72,18
29099,#DIV/0!,98,73,82
29101,#DIV/0!,5.991,80,29
29103,#DIV/0!,20.654,114,60
29105,#DIV/0!,138,46,92
29107,#DIV/0!,4.732,104,18
29109,#DIV/0!,2.010,65,94
29111,#DIV/0!,12.126,114,35
29113,#DIV/0!,4.310,103,11
29115,#DIV/0!,41.502,92,40
29117,#DIV/0!,23.016,115,88
29119,#DIV/0!,90,58,81
29121,#DIV/0!,33.820,97,95
29123,#DIV/0!,69,62,21
29125,#DIV/0!,611,63,44
29127,#DIV/0!,8.424,123,78
29129,#DIV/0!,24.476,103,42
29131,#DIV/0!,45,62,02
29133,#DIV/0!,2.602,104,34
29135,#DIV/0!,5.451,87,64
29137,#DIV/0!,24.301,105,40
29139,#DIV/0!,3.422,90,84
29141,#DIV/0!,860,84,16
29143,#DIV/0!,2.498,106,83
29145,#DIV/0!,374,63,73
29147,#DIV/0!,33.337,120,42
29149,#DIV/0!,108,49,44
29151,#DIV/0!,1.117,86,12
29153,#DIV/0!,33,49,33
29155,#DIV/0!,907,95,57
29157,#DIV/0!,4.270,87,96
29159,#DIV/0!,8.877,85,04
29161,#DIV/0!,206,55,12
29163,#DIV/0!,8.511,97,10
29165,#DIV/0!,1.813,98,65
29167,#DIV/0!,695,55,24
29169,#DIV/0!,34,54,67
29171,#DIV/0!,20.462,91,14
29173,#DIV/0!,13.883,107,78
29175,#DIV/0!,18.672,100,90
29177,#DIV/0!,18.961,101,19
29179,#DIV/0!,133,64,26
29181,#DIV/0!,1.031,80,89
29183,#DIV/0!,732,92,33
29185,#DIV/0!,2.718,77,53
29186,#DIV/0!,3.604,87,18
29187,#DIV/0!,562,65,35
29189,#DIV/0!,0,.
29195,#DIV/0!,10.011,109,58
29197,#DIV/0!,11.890,100,27
29199,#DIV/0!,27.560,100,64
29201,#DIV/0!,7.704,121,73
29203,#DIV/0!,64,57,92
29205,#DIV/0!,12.067,119,38
29207,#DIV/0!,11.856,91,38
29209,#DIV/0!,117,45,69
29211,#DIV/0!,40.482,91,41
29213,#DIV/0!,161,49,65
29215,#DIV/0!,424,50,95
29217,#DIV/0!,14.072,75,94
29219,#DIV/0!,1.426,84,47
29221,#DIV/0!,8,64,09
29223,#DIV/0!,437,77,94
29225,#DIV/0!,24,49,31
29227,#DIV/0!,23.246,126,31
29229,#DIV/0!,19,49,80
29510,#DIV/0!,0,.
30001,#DIV/0!,127,24,30
30003,#DIV/0!,12.631,28,77
30005,#DIV/0!,44.840,29,11
30007,#DIV/0!,6.036,48,95
30009,#DIV/0!,5.472,26,42
30011,#DIV/0!,8.049,23,54
30013,#DIV/0!,40.381,34,78
30015,#DIV/0!,92.151,35,96
30017,#DIV/0!,935,23,64
30019,#DIV/0!,117.172,28,16
30021,#DIV/0!,38.376,31,81
30023,#DIV/0!,0,.
30025,#DIV/0!,11.713,25,92
30027,#DIV/0!,21.053,24,24
30029,#DIV/0!,177,37,72
30031,#DIV/0!,1.417,35,06
30033,#DIV/0!,20.446,25,50
30035,#DIV/0!,40.415,26,20
30037,#DIV/0!,30.887,27,72
30039,#DIV/0!,0,.
30041,#DIV/0!,94.706,30,79
30043,#DIV/0!,3.111,36,07
30045,#DIV/0!,7.013,29,08
30047,#DIV/0!,121,53,52
30049,#DIV/0!,1.378,55,81
30051,#DIV/0!,40.327,30,61
30053,#DIV/0!,0,.
30055,#DIV/0!,69.576,29,40
30057,#DIV/0!,3.203,51,00
30059,#DIV/0!,560,25,76
30061,#DIV/0!,0,.
30063,#DIV/0!,7,57,00
30065,#DIV/0!,22.523,26,70
30067,#DIV/0!,6.748,30,26
30069,#DIV/0!,4.846,22,66
30071,#DIV/0!,67.658,27,85
30073,#DIV/0!,37.785,33,18
30075,#DIV/0!,420,20,67
30077,#DIV/0!,60,62,15
30079,#DIV/0!,17.750,30,43
30081,#DIV/0!,125,61,31
30083,#DIV/0!,61.724,28,54
30085,#DIV/0!,66.038,29,55
30087,#DIV/0!,27.008,25,83
30089,#DIV/0!,343,49,60
30091,#DIV/0!,44.070,29,48
30093,#DIV/0!,0,.
30095,#DIV/0!,28.980,25,47
30097,#DIV/0!,899,25,79
30099,#DIV/0!,72.936,31,97
30101,#DIV/0!,96.958,27,63
30103,#DIV/0!,0,.
30105,#DIV/0!,71.726,26,87
30107,#DIV/0!,27.738,27,83
30109,#DIV/0!,4.876,26,21
30111,#DIV/0!,35.212,27,61
30113,#DIV/0!,0,.
31001,#DIV/0!,858,81,27
31003,#DIV/0!,11.435,110,21
31005,#DIV/0!,0,.
31007,#DIV/0!,37.460,36,55
31009,#DIV/0!,218,62,80
31011,#DIV/0!,6.729,112,40
31013,#DIV/0!,19.196,40,76
31015,#DIV/0!,1.559,68,73
31017,#DIV/0!,1.533,37,14
31019,#DIV/0!,3.279,74,46
31021,#DIV/0!,8.371,158,61
31023,#DIV/0!,9.867,116,09
31025,#DIV/0!,3.061,153,53
31027,#DIV/0!,10.389,180,46
31029,#DIV/0!,19.402,64,85
31031,#DIV/0!,769,34,88
31033,#DIV/0!,58.576,36,96
31035,#DIV/0!,1.036,102,76
31037,#DIV/0!,3.452,185,39
31039,#DIV/0!,4.865,185,53
31041,#DIV/0!,4.053,63,82
31043,#DIV/0!,4.710,213,62
31045,#DIV/0!,4.665,40,50
31047,#DIV/0!,2.375,94,71
31049,#DIV/0!,12.626,37,94
31051,#DIV/0!,12.698,182,90
31053,#DIV/0!,3.116,170,22
31055,#DIV/0!,716,197,91
31057,#DIV/0!,14.030,67,91
31059,#DIV/0!,765,93,52
31061,#DIV/0!,7.228,87,51
31063,#DIV/0!,5.548,96,55
31065,#DIV/0!,13.626,71,36
31067,#DIV/0!,24.181,97,01
31069,#DIV/0!,8.340,42,23
31071,#DIV/0!,1.335,51,87
31073,#DIV/0!,2.725,87,64
31075,#DIV/0!,0,.
31077,#DIV/0!,3.249,94,29
31079,#DIV/0!,244,92,62
31081,#DIV/0!,610,99,46
31083,#DIV/0!,3.942,85,93
31085,#DIV/0!,20.732,51,07
31087,#DIV/0!,14.272,65,33
31089,#DIV/0!,10.727,58,01
31091,#DIV/0!,55,44,52
31093,#DIV/0!,3.467,89,86
31095,#DIV/0!,9.524,100,05
31097,#DIV/0!,13.418,111,70
31099,#DIV/0!,266,85,58
31101,#DIV/0!,9.748,42,37
31103,#DIV/0!,430,48,18
31105,#DIV/0!,80.840,28,26
31107,#DIV/0!,16.102,136,97
31109,#DIV/0!,12.718,107,77
31111,#DIV/0!,6.411,75,41
31113,#DIV/0!,328,46,78
31115,#DIV/0!,448,51,60
31117,#DIV/0!,444,36,41
31119,#DIV/0!,8.382,149,61
31121,#DIV/0!,1.136,109,71
31123,#DIV/0!,29.176,45,63
31125,#DIV/0!,6.560,85,72
31127,#DIV/0!,7.140,146,89
31129,#DIV/0!,1.919,87,31
31131,#DIV/0!,8.131,125,71
31133,#DIV/0!,11.231,90,65
31135,#DIV/0!,14.551,38,01
31137,#DIV/0!,89,86,76
31139,#DIV/0!,5.934,153,82
31141,#DIV/0!,3.958,131,39
31143,#DIV/0!,432,103,97
31145,#DIV/0!,7.602,97,80
31147,#DIV/0!,18.435,152,45
31149,#DIV/0!,3.697,34,43
31151,#DIV/0!,7.399,103,10
31153,#DIV/0!,985,176,10
31155,#DIV/0!,11.816,121,27
31157,#DIV/0!,19.725,46,50
31159,#DIV/0!,11.380,117,06
31161,#DIV/0!,17.594,39,30
31163,#DIV/0!,4.323,73,06
31165,#DIV/0!,3.534,48,04
31167,#DIV/0!,10.337,157,41
31169,#DIV/0!,3.508,82,85
31171,#DIV/0!,28,32,06
31173,#DIV/0!,10.080,167,10
31175,#DIV/0!,1.134,74,50
31177,#DIV/0!,2.789,137,41
31179,#DIV/0!,1.752,158,55
31181,#DIV/0!,7.422,92,61
31183,#DIV/0!,6.853,66,21
31185,#DIV/0!,179,126,81
32001,#DIV/0!,0,.
32003,#DIV/0!,0,.
32005,#DIV/0!,0,.
32007,#DIV/0!,0,.
32009,#DIV/0!,0,.
32011,#DIV/0!,146,10,16
32013,#DIV/0!,0,.
32015,#DIV/0!,0,.
32017,#DIV/0!,0,.
32019,#DIV/0!,0,.
32021,#DIV/0!,0,.
32023,#DIV/0!,0,.
32027,#DIV/0!,0,.
32029,#DIV/0!,0,.
32031,#DIV/0!,0,.
32033,#DIV/0!,0,.
32510,#DIV/0!,0,.
33001,#DIV/0!,4,63,00
33003,#DIV/0!,1,36,00
33005,#DIV/0!,0,.
33007,#DIV/0!,0,.
33009,#DIV/0!,8,77,00
33011,#DIV/0!,0,.
33013,#DIV/0!,0,.
33015,#DIV/0!,0,.
33017,#DIV/0!,0,.
33019,#DIV/0!,0,.
34001,#DIV/0!,37,83,72
34003,#DIV/0!,0,.
34005,#DIV/0!,5,154,67
34007,#DIV/0!,0,.
34009,#DIV/0!,0,.
34011,#DIV/0!,347,103,90
34013,#DIV/0!,0,.
34015,#DIV/0!,51,145,53
34017,#DIV/0!,0,.
34019,#DIV/0!,447,40,25
34021,#DIV/0!,77,70,53
34023,#DIV/0!,3,60,96
34025,#DIV/0!,1,64,40
34027,#DIV/0!,25,50,53
34029,#DIV/0!,0,.
34031,#DIV/0!,0,.
34033,#DIV/0!,768,112,18
34035,#DIV/0!,123,54,11
34037,#DIV/0!,14,92,04
34039,#DIV/0!,0,.
34041,#DIV/0!,162,75,29
35001,#DIV/0!,0,.
35003,#DIV/0!,0,.
35005,#DIV/0!,0,.
35006,#DIV/0!,697,30,88
35007,#DIV/0!,188,46,00
35009,#DIV/0!,143.023,40,46
35011,#DIV/0!,1.151,18,90
35013,#DIV/0!,0,.
35015,#DIV/0!,0,.
35017,#DIV/0!,0,.
35019,#DIV/0!,0,.
35021,#DIV/0!,14.030,24,53
35023,#DIV/0!,0,.
35025,#DIV/0!,20.318,43,84
35027,#DIV/0!,0,.
35028,#DIV/0!,0,.
35029,#DIV/0!,0,.
35031,#DIV/0!,307,27,40
35033,#DIV/0!,0,.
35035,#DIV/0!,0,.
35037,#DIV/0!,86.589,36,84
35039,#DIV/0!,262,42,60
35041,#DIV/0!,140.182,34,70
35043,#DIV/0!,0,.
35045,#DIV/0!,0,.
35047,#DIV/0!,714,38,03
35049,#DIV/0!,525,30,88
35051,#DIV/0!,0,.
35053,#DIV/0!,0,.
35055,#DIV/0!,80,34,25
35057,#DIV/0!,6.479,30,00
35059,#DIV/0!,20.977,40,28
35061,#DIV/0!,0,.
36001,#DIV/0!,140,68,70
36003,#DIV/0!,1.446,43,96
36005,#DIV/0!,0,.
36007,#DIV/0!,1.804,83,51
36009,#DIV/0!,1.509,52,41
36011,#DIV/0!,1.223,54,66
36013,#DIV/0!,677,53,68
36015,#DIV/0!,573,46,71
36017,#DIV/0!,4.402,87,49
36019,#DIV/0!,19,41,69
36021,#DIV/0!,211,81,96
36023,#DIV/0!,2.367,78,01
36025,#DIV/0!,2.494,110,84
36027,#DIV/0!,19,91,79
36029,#DIV/0!,458,44,52
36031,#DIV/0!,174,49,52
36033,#DIV/0!,199,48,45
36035,#DIV/0!,31,45,56
36037,#DIV/0!,677,59,36
36039,#DIV/0!,244,102,35
36041,#DIV/0!,0,.
36043,#DIV/0!,1.086,49,35
36045,#DIV/0!,1.558,46,95
36047,#DIV/0!,0,.
36049,#DIV/0!,66,72,93
36051,#DIV/0!,1.920,65,78
36053,#DIV/0!,929,67,92
36055,#DIV/0!,294,55,56
36057,#DIV/0!,105,71,54
36059,#DIV/0!,0,.
36061,#DIV/0!,0,.
36063,#DIV/0!,191,40,12
36065,#DIV/0!,1.254,56,40
36067,#DIV/0!,786,71,23
36069,#DIV/0!,1.435,59,58
36071,#DIV/0!,1.463,416,10
36073,#DIV/0!,639,51,56
36075,#DIV/0!,70,50,71
36077,#DIV/0!,320,45,71
36079,#DIV/0!,0,.
36081,#DIV/0!,0,.
36083,#DIV/0!,124,97,19
36085,#DIV/0!,0,.
36087,#DIV/0!,0,.
36089,#DIV/0!,1.030,55,78
36091,#DIV/0!,47,105,96
36093,#DIV/0!,0,.
36095,#DIV/0!,253,72,70
36097,#DIV/0!,67,50,20
36099,#DIV/0!,75,46,87
36101,#DIV/0!,2.887,54,73
36103,#DIV/0!,0,.
36105,#DIV/0!,35,99,95
36107,#DIV/0!,1.085,47,71
36109,#DIV/0!,451,72,15
36111,#DIV/0!,5,128,20
36113,#DIV/0!,0,.
36115,#DIV/0!,202,51,77
36117,#DIV/0!,415,55,41
36119,#DIV/0!,0,.
36121,#DIV/0!,661,57,47
36123,#DIV/0!,555,82,71
37001,#DIV/0!,83,36,31
37003,#DIV/0!,80,48,91
37005,#DIV/0!,0,.
37007,#DIV/0!,4.598,53,14
37009,#DIV/0!,0,.
37011,#DIV/0!,0,.
37013,#DIV/0!,1.950,107,97
37015,#DIV/0!,980,90,36
37017,#DIV/0!,1.633,59,07
37019,#DIV/0!,31,88,43
37021,#DIV/0!,63,78,91
37023,#DIV/0!,71,80,07
37025,#DIV/0!,299,37,44
37027,#DIV/0!,7,65,98
37029,#DIV/0!,5,76,07
37031,#DIV/0!,52,107,51
37033,#DIV/0!,703,40,59
37035,#DIV/0!,404,36,23
37037,#DIV/0!,545,38,03
37039,#DIV/0!,11,146,00
37041,#DIV/0!,353,111,18
37043,#DIV/0!,2,47,40
37045,#DIV/0!,2.820,33,51
37047,#DIV/0!,2.048,62,70
37049,#DIV/0!,1.569,98,62
37051,#DIV/0!,901,59,50
37053,#DIV/0!,16,64,47
37055,#DIV/0!,1.414,108,75
37057,#DIV/0!,467,38,06
37059,#DIV/0!,226,41,07
37061,#DIV/0!,788,69,52
37063,#DIV/0!,204,41,97
37065,#DIV/0!,3.573,86,07
37067,#DIV/0!,53,49,46
37069,#DIV/0!,2.085,50,52
37071,#DIV/0!,320,30,48
37073,#DIV/0!,1.507,123,47
37075,#DIV/0!,0,.
37077,#DIV/0!,1.906,48,91
37079,#DIV/0!,836,93,30
37081,#DIV/0!,96,41,69
37083,#DIV/0!,4.283,97,01
37085,#DIV/0!,1.350,61,29
37087,#DIV/0!,8,57,00
37089,#DIV/0!,35,116,33
37091,#DIV/0!,1.738,107,08
37093,#DIV/0!,1.611,66,70
37095,#DIV/0!,2.918,119,55
37097,#DIV/0!,741,41,40
37099,#DIV/0!,0,.
37101,#DIV/0!,2.465,66,55
37103,#DIV/0!,293,85,13
37105,#DIV/0!,80,41,14
37107,#DIV/0!,1.213,102,86
37109,#DIV/0!,1.000,31,22
37111,#DIV/0!,19,74,63
37113,#DIV/0!,16,69,08
37115,#DIV/0!,39,63,41
37117,#DIV/0!,2.911,102,15
37119,#DIV/0!,0,.
37121,#DIV/0!,0,.
37123,#DIV/0!,148,35,52
37125,#DIV/0!,503,44,30
37127,#DIV/0!,786,77,46
37129,#DIV/0!,0,.
37131,#DIV/0!,1.989,89,63
37133,#DIV/0!,328,51,87
37135,#DIV/0!,182,46,39
37137,#DIV/0!,286,120,21
37139,#DIV/0!,32,85,77
37141,#DIV/0!,424,67,84
37143,#DIV/0!,118,91,78
37145,#DIV/0!,122,42,74
37147,#DIV/0!,662,97,01
37149,#DIV/0!,107,65,54
37151,#DIV/0!,464,42,58
37153,#DIV/0!,618,36,40
37155,#DIV/0!,3.038,52,13
37157,#DIV/0!,332,42,09
37159,#DIV/0!,427,45,31
37161,#DIV/0!,547,55,43
37163,#DIV/0!,1.292,66,69
37165,#DIV/0!,1.168,51,70
37167,#DIV/0!,2.001,56,30
37169,#DIV/0!,40,41,04
37171,#DIV/0!,225,67,23
37173,#DIV/0!,0,.
37175,#DIV/0!,41,72,96
37177,#DIV/0!,412,116,28
37179,#DIV/0!,722,55,19
37181,#DIV/0!,941,50,60
37183,#DIV/0!,287,65,69
37185,#DIV/0!,789,41,55
37187,#DIV/0!,1.433,92,27
37189,#DIV/0!,5,48,40
37191,#DIV/0!,569,87,25
37193,#DIV/0!,84,60,08
37195,#DIV/0!,735,87,02
37197,#DIV/0!,430,47,96
37199,#DIV/0!,0,.
38001,#DIV/0!,41.700,28,63
38003,#DIV/0!,44.569,66,59
38005,#DIV/0!,28.010,38,16
38007,#DIV/0!,4.229,28,04
38009,#DIV/0!,49.981,35,35
38011,#DIV/0!,36.545,28,62
38013,#DIV/0!,39.121,32,26
38015,#DIV/0!,26.633,32,39
38017,#DIV/0!,19.850,86,91
38019,#DIV/0!,20.373,48,28
38021,#DIV/0!,34.335,86,65
38023,#DIV/0!,55.496,28,93
38025,#DIV/0!,8.706,28,53
38027,#DIV/0!,30.125,38,74
38029,#DIV/0!,18.197,42,08
38031,#DIV/0!,8.979,46,95
38033,#DIV/0!,22.830,26,17
38035,#DIV/0!,73.563,54,49
38037,#DIV/0!,27.829,29,05
38039,#DIV/0!,37.886,48,47
38041,#DIV/0!,70.054,34,00
38043,#DIV/0!,43.914,29,73
38045,#DIV/0!,27.278,72,99
38047,#DIV/0!,11.927,38,03
38049,#DIV/0!,61.142,37,56
38051,#DIV/0!,6.733,34,61
38053,#DIV/0!,7.322,25,01
38055,#DIV/0!,42.301,43,62
38057,#DIV/0!,3.326,36,03
38059,#DIV/0!,8.161,31,99
38061,#DIV/0!,31.760,35,03
38063,#DIV/0!,63.680,43,45
38065,#DIV/0!,706,29,39
38067,#DIV/0!,12.598,60,08
38069,#DIV/0!,31.793,39,10
38071,#DIV/0!,36.771,41,98
38073,#DIV/0!,43.361,85,86
38075,#DIV/0!,7.679,41,06
38077,#DIV/0!,32.161,110,23
38079,#DIV/0!,29.227,33,74
38081,#DIV/0!,40.936,94,80
38083,#DIV/0!,15.914,33,47
38085,#DIV/0!,2.170,31,66
38087,#DIV/0!,14.267,32,76
38089,#DIV/0!,32.889,34,03
38091,#DIV/0!,16.182,67,15
38093,#DIV/0!,58.018,52,81
38095,#DIV/0!,40.912,40,74
38097,#DIV/0!,12.242,74,30
38099,#DIV/0!,55.239,58,12
38101,#DIV/0!,19.191,38,32
38103,#DIV/0!,18.495,39,22
38105,#DIV/0!,11.784,27,40
39001,#DIV/0!,2.656,102,72
39003,#DIV/0!,4.665,169,91
39005,#DIV/0!,2.428,75,08
39007,#DIV/0!,488,48,98
39009,#DIV/0!,869,80,93
39011,#DIV/0!,5.187,172,22
39013,#DIV/0!,0,.
39015,#DIV/0!,1.431,95,92
39017,#DIV/0!,687,93,88
39019,#DIV/0!,668,46,32
39021,#DIV/0!,3.352,152,72
39023,#DIV/0!,1.134,148,08
39025,#DIV/0!,130,106,19
39027,#DIV/0!,1.554,127,79
39029,#DIV/0!,197,53,29
39031,#DIV/0!,3.414,74,34
39033,#DIV/0!,3.512,166,71
39035,#DIV/0!,0,.
39037,#DIV/0!,4.566,153,00
39039,#DIV/0!,12.422,139,19
39041,#DIV/0!,1.237,136,95
39043,#DIV/0!,934,137,45
39045,#DIV/0!,4.032,125,32
39047,#DIV/0!,6.821,220,01
39049,#DIV/0!,333,158,91
39051,#DIV/0!,3.828,200,51
39053,#DIV/0!,516,77,54
39055,#DIV/0!,40,50,59
39057,#DIV/0!,1.185,149,77
39059,#DIV/0!,49,53,00
39061,#DIV/0!,82,102,22
39063,#DIV/0!,3.686,155,01
39065,#DIV/0!,7.491,138,78
39067,#DIV/0!,235,51,89
39069,#DIV/0!,2.850,194,19
39071,#DIV/0!,13.860,128,84
39073,#DIV/0!,420,104,34
39075,#DIV/0!,882,84,00
39077,#DIV/0!,3.291,119,41
39079,#DIV/0!,964,86,80
39081,#DIV/0!,270,44,99
39083,#DIV/0!,2.335,85,67
39085,#DIV/0!,0,.
39087,#DIV/0!,467,104,59
39089,#DIV/0!,741,85,05
39091,#DIV/0!,4.856,120,58
39093,#DIV/0!,1.359,91,28
39095,#DIV/0!,671,177,23
39097,#DIV/0!,5.969,215,38
39099,#DIV/0!,44,71,90
39101,#DIV/0!,11.402,178,39
39103,#DIV/0!,268,78,43
39105,#DIV/0!,281,56,14
39107,#DIV/0!,4.745,192,22
39109,#DIV/0!,1.759,137,09
39111,#DIV/0!,0,.
39113,#DIV/0!,739,149,44
39115,#DIV/0!,285,56,23
39117,#DIV/0!,2.398,132,97
39119,#DIV/0!,396,72,40
39121,#DIV/0!,0,.
39123,#DIV/0!,3.627,163,29
39125,#DIV/0!,5.626,149,28
39127,#DIV/0!,829,77,95
39129,#DIV/0!,13.115,183,98
39131,#DIV/0!,3.559,147,57
39133,#DIV/0!,162,50,91
39135,#DIV/0!,2.968,136,26
39137,#DIV/0!,3.929,171,27
39139,#DIV/0!,3.409,85,26
39141,#DIV/0!,25.518,195,90
39143,#DIV/0!,3.498,152,65
39145,#DIV/0!,2.979,149,96
39147,#DIV/0!,6.059,151,72
39149,#DIV/0!,4.793,136,60
39151,#DIV/0!,203,71,98
39153,#DIV/0!,12,52,80
39155,#DIV/0!,324,59,07
39157,#DIV/0!,321,95,41
39159,#DIV/0!,8.363,173,40
39161,#DIV/0!,2.254,184,80
39163,#DIV/0!,818,87,33
39165,#DIV/0!,322,97,22
39167,#DIV/0!,634,55,81
39169,#DIV/0!,341,94,53
39171,#DIV/0!,12.271,115,27
39173,#DIV/0!,7.620,168,67
39175,#DIV/0!,8.750,165,38
40001,#DIV/0!,328,62,78
40003,#DIV/0!,5.452,45,48
40005,#DIV/0!,0,.
40007,#DIV/0!,112.127,34,69
40009,#DIV/0!,22.206,33,08
40011,#DIV/0!,3.292,35,93
40013,#DIV/0!,1.929,44,21
40015,#DIV/0!,3.509,37,95
40017,#DIV/0!,573,34,31
40019,#DIV/0!,0,.
40021,#DIV/0!,190,63,07
40023,#DIV/0!,8,46,97
40025,#DIV/0!,114.949,33,01
40027,#DIV/0!,0,.
40029,#DIV/0!,0,.
40031,#DIV/0!,567,33,24
40033,#DIV/0!,1.183,29,43
40035,#DIV/0!,323,50,15
40037,#DIV/0!,0,.
40039,#DIV/0!,2.636,40,29
40041,#DIV/0!,146,63,31
40043,#DIV/0!,15.612,42,55
40045,#DIV/0!,50.457,32,02
40047,#DIV/0!,4.203,40,90
40049,#DIV/0!,0,.
40051,#DIV/0!,1.046,43,15
40053,#DIV/0!,27.438,40,99
40055,#DIV/0!,11.007,35,13
40057,#DIV/0!,23.372,27,93
40059,#DIV/0!,51.418,34,47
40061,#DIV/0!,0,.
40063,#DIV/0!,6,46,09
40065,#DIV/0!,6.174,33,78
40067,#DIV/0!,393,34,67
40069,#DIV/0!,0,.
40071,#DIV/0!,6.527,42,79
40073,#DIV/0!,2.208,35,56
40075,#DIV/0!,7.352,36,08
40077,#DIV/0!,0,.
40079,#DIV/0!,0,.
40081,#DIV/0!,373,40,68
40083,#DIV/0!,1.474,40,89
40085,#DIV/0!,0,.
40087,#DIV/0!,0,.
40089,#DIV/0!,1.060,47,00
40091,#DIV/0!,0,.
40093,#DIV/0!,11.159,36,22
40095,#DIV/0!,187,26,10
40097,#DIV/0!,0,.
40099,#DIV/0!,0,.
40101,#DIV/0!,15,35,46
40103,#DIV/0!,709,44,45
40105,#DIV/0!,10,32,50
40107,#DIV/0!,0,.
40109,#DIV/0!,0,.
40111,#DIV/0!,8,42,60
40113,#DIV/0!,86,46,43
40115,#DIV/0!,416,37,76
40117,#DIV/0!,0,.
40119,#DIV/0!,121,51,58
40121,#DIV/0!,0,.
40123,#DIV/0!,0,.
40125,#DIV/0!,62,29,35
40127,#DIV/0!,0,.
40129,#DIV/0!,11.292,30,43
40131,#DIV/0!,0,.
40133,#DIV/0!,92,28,00
40135,#DIV/0!,0,.
40137,#DIV/0!,187,30,33
40139,#DIV/0!,174.106,32,47
40141,#DIV/0!,3.314,35,79
40143,#DIV/0!,0,.
40145,#DIV/0!,49,56,84
40147,#DIV/0!,0,.
40149,#DIV/0!,3.683,36,07
40151,#DIV/0!,17.993,44,11
40153,#DIV/0!,14.223,32,32
41001,#DIV/0!,5.029,73,46
41003,#DIV/0!,931,122,81
41005,#DIV/0!,97,111,03
41007,#DIV/0!,23,113,10
41009,#DIV/0!,345,116,31
41011,#DIV/0!,176,102,93
41013,#DIV/0!,781,97,48
41015,#DIV/0!,825,107,62
41017,#DIV/0!,298,68,52
41019,#DIV/0!,1.248,99,84
41021,#DIV/0!,71.798,59,30
41023,#DIV/0!,2.217,73,32
41025,#DIV/0!,2.144,62,72
41027,#DIV/0!,0,.
41029,#DIV/0!,275,72,86
41031,#DIV/0!,4.338,51,76
41033,#DIV/0!,2,87,00
41035,#DIV/0!,1.729,137,31
41037,#DIV/0!,106,55,60
41039,#DIV/0!,226,123,34
41041,#DIV/0!,198,110,53
41043,#DIV/0!,918,122,36
41045,#DIV/0!,352,66,32
41047,#DIV/0!,154,159,44
41049,#DIV/0!,110.913,57,28
41051,#DIV/0!,13,105,42
41053,#DIV/0!,554,150,86
41055,#DIV/0!,78.800,52,06
41057,#DIV/0!,0,.
41059,#DIV/0!,143.994,64,47
41061,#DIV/0!,8.507,67,48
41063,#DIV/0!,19.469,58,82
41065,#DIV/0!,59.352,57,01
41067,#DIV/0!,471,154,23
41069,#DIV/0!,6.146,51,25
41071,#DIV/0!,951,103,50
42001,#DIV/0!,1.387,121,00
42003,#DIV/0!,91,123,22
42005,#DIV/0!,2.009,96,38
42007,#DIV/0!,717,107,22
42009,#DIV/0!,3.925,106,52
42011,#DIV/0!,3.393,166,09
42013,#DIV/0!,1.542,172,53
42015,#DIV/0!,17.564,101,94
42017,#DIV/0!,26,45,57
42019,#DIV/0!,2.321,86,06
42021,#DIV/0!,3.062,117,85
42023,#DIV/0!,18,93,20
42025,#DIV/0!,596,125,23
42027,#DIV/0!,2.146,157,45
42029,#DIV/0!,1.108,181,01
42031,#DIV/0!,2.515,88,54
42033,#DIV/0!,1.161,87,59
42035,#DIV/0!,622,141,46
42037,#DIV/0!,6.973,94,12
42039,#DIV/0!,1.965,104,84
42041,#DIV/0!,2.178,132,85
42043,#DIV/0!,765,105,16
42045,#DIV/0!,0,.
42047,#DIV/0!,18,62,26
42049,#DIV/0!,3.313,138,56
42051,#DIV/0!,2.024,114,12
42053,#DIV/0!,32,67,54
42055,#DIV/0!,3.041,145,40
42057,#DIV/0!,2.544,83,64
42059,#DIV/0!,365,100,55
42061,#DIV/0!,3.573,168,98
42063,#DIV/0!,3.213,101,70
42065,#DIV/0!,1.365,76,01
42067,#DIV/0!,1.684,140,25
42069,#DIV/0!,648,97,32
42071,#DIV/0!,2.274,323,84
42073,#DIV/0!,753,109,02
42075,#DIV/0!,775,203,91
42077,#DIV/0!,14,56,05
42079,#DIV/0!,2.623,133,31
42081,#DIV/0!,9.810,130,26
42083,#DIV/0!,1.395,115,45
42085,#DIV/0!,1.144,100,04
42087,#DIV/0!,1.776,158,22
42089,#DIV/0!,1,44,66
42091,#DIV/0!,381,47,05
42093,#DIV/0!,3.406,94,97
42095,#DIV/0!,35,44,71
42097,#DIV/0!,4.265,138,68
42099,#DIV/0!,2.312,99,43
42101,#DIV/0!,0,.
42103,#DIV/0!,0,.
42105,#DIV/0!,5.661,121,29
42107,#DIV/0!,3.300,105,38
42109,#DIV/0!,1.518,115,78
42111,#DIV/0!,4.759,68,93
42113,#DIV/0!,877,89,33
42115,#DIV/0!,4.649,90,27
42117,#DIV/0!,11.856,96,49
42119,#DIV/0!,1.106,136,67
42121,#DIV/0!,1.438,94,12
42123,#DIV/0!,1.089,100,83
42125,#DIV/0!,2.619,116,54
42127,#DIV/0!,843,105,55
42129,#DIV/0!,2.958,123,74
42131,#DIV/0!,1.795,100,24
42133,#DIV/0!,2.371,173,27
44001,#DIV/0!,0,.
44003,#DIV/0!,0,.
44005,#DIV/0!,0,.
44007,#DIV/0!,28,74,00
44009,#DIV/0!,0,.
45001,#DIV/0!,589,27,11
45003,#DIV/0!,440,27,69
45005,#DIV/0!,2.589,31,40
45007,#DIV/0!,1.590,25,52
45009,#DIV/0!,7.577,32,33
45011,#DIV/0!,2.719,33,48
45013,#DIV/0!,0,.
45015,#DIV/0!,339,38,04
45017,#DIV/0!,1.241,38,81
45019,#DIV/0!,203,25,74
45021,#DIV/0!,205,25,52
45023,#DIV/0!,252,30,61
45025,#DIV/0!,8.753,33,70
45027,#DIV/0!,3.839,48,14
45029,#DIV/0!,1.059,33,46
45031,#DIV/0!,862,38,35
45033,#DIV/0!,1.218,50,18
45035,#DIV/0!,332,34,42
45037,#DIV/0!,673,32,77
45039,#DIV/0!,0,.
45041,#DIV/0!,1.770,42,87
45043,#DIV/0!,1.142,39,90
45045,#DIV/0!,402,24,21
45047,#DIV/0!,7,42,81
45049,#DIV/0!,805,32,05
45051,#DIV/0!,4.131,79,77
45053,#DIV/0!,78,29,68
45055,#DIV/0!,1.311,30,87
45057,#DIV/0!,379,31,99
45059,#DIV/0!,958,22,26
45061,#DIV/0!,6.899,47,83
45063,#DIV/0!,338,28,15
45065,#DIV/0!,27,30,00
45067,#DIV/0!,1.054,51,00
45069,#DIV/0!,1.570,46,06
45071,#DIV/0!,293,28,71
45073,#DIV/0!,230,23,82
45075,#DIV/0!,7.217,38,34
45077,#DIV/0!,0,.
45079,#DIV/0!,31,41,46
45081,#DIV/0!,1.583,24,79
45083,#DIV/0!,688,27,64
45085,#DIV/0!,5.499,46,61
45087,#DIV/0!,410,33,04
45089,#DIV/0!,8.529,41,46
45091,#DIV/0!,135,26,68
46003,#DIV/0!,16.951,72,97
46005,#DIV/0!,23.905,110,60
46007,#DIV/0!,5.493,32,87
46009,#DIV/0!,9.884,107,10
46011,#DIV/0!,24.261,119,73
46013,#DIV/0!,66.586,102,88
46015,#DIV/0!,8.131,70,03
46017,#DIV/0!,2.354,51,88
46019,#DIV/0!,12.826,30,49
46021,#DIV/0!,15.961,63,70
46023,#DIV/0!,17.042,94,40
46025,#DIV/0!,25.845,101,86
46027,#DIV/0!,6.806,142,24
46029,#DIV/0!,14.248,122,94
46031,#DIV/0!,3.271,32,55
46033,#DIV/0!,81,28,85
46035,#DIV/0!,8.756,106,24
46037,#DIV/0!,40.732,112,59
46039,#DIV/0!,19.477,107,98
46041,#DIV/0!,3.478,32,00
46043,#DIV/0!,6.292,95,65
46045,#DIV/0!,14.816,84,95
46047,#DIV/0!,996,29,62
46049,#DIV/0!,6.334,74,84
46051,#DIV/0!,9.142,91,98
46053,#DIV/0!,5.944,58,85
46055,#DIV/0!,35.129,32,39
46057,#DIV/0!,14.090,105,86
46059,#DIV/0!,15.626,76,01
46061,#DIV/0!,10.787,131,40
46063,#DIV/0!,3.685,26,01
46065,#DIV/0!,12.073,55,63
46067,#DIV/0!,21.715,111,65
46069,#DIV/0!,5.054,48,87
46071,#DIV/0!,5.987,27,32
46073,#DIV/0!,8.335,72,89
46075,#DIV/0!,6.525,33,24
46077,#DIV/0!,7.250,101,59
46079,#DIV/0!,7.538,117,73
46081,#DIV/0!,28,44,21
46083,#DIV/0!,8.114,156,66
46085,#DIV/0!,66.453,48,29
46087,#DIV/0!,12.134,141,93
46089,#DIV/0!,11.996,55,47
46091,#DIV/0!,41.038,105,42
46093,#DIV/0!,14.521,27,91
46095,#DIV/0!,790,35,31
46097,#DIV/0!,20.668,120,74
46099,#DIV/0!,6.098,146,65
46101,#DIV/0!,12.577,125,56
46103,#DIV/0!,3.080,35,16
46105,#DIV/0!,47.451,34,43
46107,#DIV/0!,10.847,72,37
46109,#DIV/0!,38.901,117,45
46111,#DIV/0!,16.862,99,93
46113,#DIV/0!,323,35,54
46115,#DIV/0!,33.163,79,06
46117,#DIV/0!,28.800,34,91
46119,#DIV/0!,13.425,70,18
46121,#DIV/0!,275,43,02
46123,#DIV/0!,17.101,47,29
46125,#DIV/0!,9.272,124,27
46127,#DIV/0!,8.097,168,42
46129,#DIV/0!,17.527,80,95
46135,#DIV/0!,11.269,143,13
46137,#DIV/0!,3.657,29,88
47001,#DIV/0!,5,63,00
47003,#DIV/0!,155,71,24
47005,#DIV/0!,2.659,97,37
47007,#DIV/0!,147,76,57
47009,#DIV/0!,0,.
47011,#DIV/0!,176,52,68
47013,#DIV/0!,7,26,00
47015,#DIV/0!,47,58,30
47017,#DIV/0!,9.687,95,08
47019,#DIV/0!,0,.
47021,#DIV/0!,297,84,42
47023,#DIV/0!,2.983,63,46
47025,#DIV/0!,32,49,97
47027,#DIV/0!,70,56,79
47029,#DIV/0!,0,.
47031,#DIV/0!,99,60,81
47033,#DIV/0!,3.222,107,09
47035,#DIV/0!,1.681,101,42
47037,#DIV/0!,12,59,04
47039,#DIV/0!,1.097,71,05
47041,#DIV/0!,109,66,18
47043,#DIV/0!,468,56,13
47045,#DIV/0!,2.733,94,54
47047,#DIV/0!,13.021,77,12
47049,#DIV/0!,34,44,58
47051,#DIV/0!,436,117,64
47053,#DIV/0!,6.815,93,90
47055,#DIV/0!,1.485,82,86
47057,#DIV/0!,11,62,48
47059,#DIV/0!,78,46,78
47061,#DIV/0!,102,84,98
47063,#DIV/0!,2,118,16
47065,#DIV/0!,4,61,80
47067,#DIV/0!,3,42,81
47069,#DIV/0!,7.048,92,09
47071,#DIV/0!,5.433,65,46
47073,#DIV/0!,23,38,44
47075,#DIV/0!,10.719,121,38
47077,#DIV/0!,6.015,76,24
47079,#DIV/0!,6.143,101,57
47081,#DIV/0!,377,68,92
47083,#DIV/0!,10,73,00
47085,#DIV/0!,196,56,75
47087,#DIV/0!,9,56,06
47089,#DIV/0!,0,.
47091,#DIV/0!,0,.
47093,#DIV/0!,122,54,82
47095,#DIV/0!,167,115,33
47097,#DIV/0!,7.530,93,74
47099,#DIV/0!,5.445,64,37
47101,#DIV/0!,18,58,91
47103,#DIV/0!,499,76,05
47105,#DIV/0!,26,36,95
47107,#DIV/0!,86,47,32
47109,#DIV/0!,6.180,62,35
47111,#DIV/0!,23,93,82
47113,#DIV/0!,9.575,108,47
47115,#DIV/0!,43,68,87
47117,#DIV/0!,0,.
47119,#DIV/0!,355,59,91
47121,#DIV/0!,433,40,67
47123,#DIV/0!,0,.
47125,#DIV/0!,389,126,84
47127,#DIV/0!,13,67,48
47129,#DIV/0!,301,86,16
47131,#DIV/0!,6.005,110,56
47133,#DIV/0!,29,53,58
47135,#DIV/0!,502,74,31
47137,#DIV/0!,0,.
47139,#DIV/0!,71,72,97
47141,#DIV/0!,59,96,11
47143,#DIV/0!,819,56,27
47145,#DIV/0!,117,30,14
47147,#DIV/0!,489,118,74
47149,#DIV/0!,5,64,50
47151,#DIV/0!,0,.
47153,#DIV/0!,127,63,48
47155,#DIV/0!,0,.
47157,#DIV/0!,1.672,83,73
47159,#DIV/0!,82,59,10
47161,#DIV/0!,55,64,46
47163,#DIV/0!,0,43,40
47165,#DIV/0!,50,82,98
47167,#DIV/0!,1.937,88,81
47169,#DIV/0!,0,.
47171,#DIV/0!,0,.
47173,#DIV/0!,3,53,20
47175,#DIV/0!,767,44,90
47177,#DIV/0!,7,52,50
47179,#DIV/0!,0,.
47181,#DIV/0!,2.449,51,86
47183,#DIV/0!,8.900,98,26
47185,#DIV/0!,111,49,19
47187,#DIV/0!,1,57,00
47189,#DIV/0!,44,46,06
48001,#DIV/0!,0,.
48003,#DIV/0!,31.984,29,00
48005,#DIV/0!,778,33,08
48007,#DIV/0!,0,.
48009,#DIV/0!,112,25,83
48011,#DIV/0!,16.410,31,57
48013,#DIV/0!,327,44,71
48015,#DIV/0!,17,45,20
48017,#DIV/0!,139.948,40,68
48019,#DIV/0!,39,48,32
48021,#DIV/0!,47,49,06
48023,#DIV/0!,557,31,56
48025,#DIV/0!,30,38,60
48027,#DIV/0!,127,47,07
48029,#DIV/0!,0,.
48031,#DIV/0!,0,.
48033,#DIV/0!,6.227,33,28
48035,#DIV/0!,244,29,31
48037,#DIV/0!,1.045,42,30
48039,#DIV/0!,0,.
48041,#DIV/0!,0,.
48043,#DIV/0!,1.574,26,65
48045,#DIV/0!,43.940,37,49
48047,#DIV/0!,1.064,37,72
48049,#DIV/0!,145,50,86
48051,#DIV/0!,0,.
48053,#DIV/0!,40,21,25
48055,#DIV/0!,45,52,20
48057,#DIV/0!,83,19,97
48059,#DIV/0!,822,29,48
48061,#DIV/0!,4.300,42,63
48063,#DIV/0!,0,.
48065,#DIV/0!,33.427,40,38
48067,#DIV/0!,0,.
48069,#DIV/0!,90.657,40,20
48071,#DIV/0!,0,.
48073,#DIV/0!,49,30,24
48075,#DIV/0!,29.517,32,83
48077,#DIV/0!,865,44,92
48079,#DIV/0!,84.671,32,27
48081,#DIV/0!,702,26,55
48083,#DIV/0!,2.897,31,64
48085,#DIV/0!,40,34,58
48087,#DIV/0!,34.136,35,36
48089,#DIV/0!,141,47,29
48091,#DIV/0!,0,.
48093,#DIV/0!,286,37,28
48095,#DIV/0!,6.175,35,18
48097,#DIV/0!,0,.
48099,#DIV/0!,0,.
48101,#DIV/0!,34.751,29,56
48103,#DIV/0!,58,38,68
48105,#DIV/0!,953,31,43
48107,#DIV/0!,42.432,39,69
48109,#DIV/0!,311,17,07
48111,#DIV/0!,115.231,35,58
48113,#DIV/0!,0,.
48115,#DIV/0!,71.841,33,66
48117,#DIV/0!,146.832,36,07
48119,#DIV/0!,406,39,77
48121,#DIV/0!,0,.
48123,#DIV/0!,0,.
48125,#DIV/0!,43.539,41,96
48127,#DIV/0!,293,33,38
48129,#DIV/0!,18.298,33,01
48131,#DIV/0!,9.831,33,57
48133,#DIV/0!,179,28,12
48135,#DIV/0!,0,.
48137,#DIV/0!,366,35,59
48139,#DIV/0!,773,40,93
48141,#DIV/0!,0,.
48143,#DIV/0!,0,.
48145,#DIV/0!,287,50,12
48147,#DIV/0!,1.460,33,05
48149,#DIV/0!,864,50,60
48151,#DIV/0!,27.993,34,78
48153,#DIV/0!,99.375,40,76
48155,#DIV/0!,6.971,32,33
48157,#DIV/0!,0,.
48159,#DIV/0!,0,.
48161,#DIV/0!,0,.
48163,#DIV/0!,3.595,33,95
48165,#DIV/0!,163.126,34,48
48167,#DIV/0!,0,.
48169,#DIV/0!,18.175,35,98
48171,#DIV/0!,149,37,16
48173,#DIV/0!,3.463,36,59
48175,#DIV/0!,362,41,78
48177,#DIV/0!,0,.
48179,#DIV/0!,17.264,33,29
48181,#DIV/0!,1.093,38,58
48183,#DIV/0!,0,.
48185,#DIV/0!,0,.
48187,#DIV/0!,0,.
48189,#DIV/0!,100.820,38,51
48191,#DIV/0!,46.511,37,03
48193,#DIV/0!,154,39,23
48195,#DIV/0!,13.548,29,51
48197,#DIV/0!,14.168,30,91
48199,#DIV/0!,0,.
48201,#DIV/0!,0,.
48203,#DIV/0!,0,.
48205,#DIV/0!,30.871,41,61
48207,#DIV/0!,17.920,36,89
48209,#DIV/0!,17,41,60
48211,#DIV/0!,8.444,32,24
48213,#DIV/0!,0,.
48215,#DIV/0!,22.300,43,11
48217,#DIV/0!,3.247,52,88
48219,#DIV/0!,103.206,36,50
48221,#DIV/0!,0,.
48223,#DIV/0!,1.392,24,33
48225,#DIV/0!,304,25,63
48227,#DIV/0!,33.168,38,99
48229,#DIV/0!,1.235,19,98
48231,#DIV/0!,360,35,21
48233,#DIV/0!,2.774,37,07
48235,#DIV/0!,1.053,34,12
48237,#DIV/0!,250,50,35
48239,#DIV/0!,98,49,34
48241,#DIV/0!,0,.
48243,#DIV/0!,242,27,50
48245,#DIV/0!,0,.
48247,#DIV/0!,3.721,34,28
48249,#DIV/0!,5.952,36,37
48251,#DIV/0!,0,.
48253,#DIV/0!,21.424,35,18
48255,#DIV/0!,50,48,69
48257,#DIV/0!,65,33,69
48259,#DIV/0!,69,36,45
48261,#DIV/0!,864,20,91
48263,#DIV/0!,18.028,35,79
48265,#DIV/0!,5,53,20
48267,#DIV/0!,138,42,53
48269,#DIV/0!,6.048,29,49
48271,#DIV/0!,610,35,20
48273,#DIV/0!,638,45,76
48275,#DIV/0!,5.366,38,13
48277,#DIV/0!,4.704,40,38
48279,#DIV/0!,133.609,41,79
48281,#DIV/0!,38,42,42
48283,#DIV/0!,2.652,25,98
48285,#DIV/0!,45,48,80
48287,#DIV/0!,0,.
48289,#DIV/0!,0,.
48291,#DIV/0!,0,.
48293,#DIV/0!,1.375,38,90
48295,#DIV/0!,28.654,35,99
48297,#DIV/0!,1.167,40,43
48299,#DIV/0!,112,52,20
48301,#DIV/0!,0,.
48303,#DIV/0!,33.125,44,56
48305,#DIV/0!,39.648,36,53
48307,#DIV/0!,1.756,29,99
48309,#DIV/0!,256,38,90
48311,#DIV/0!,0,.
48313,#DIV/0!,0,.
48315,#DIV/0!,0,.
48317,#DIV/0!,58.638,37,03
48319,#DIV/0!,129,35,81
48321,#DIV/0!,0,.
48323,#DIV/0!,1.409,29,72
48325,#DIV/0!,1.090,40,30
48327,#DIV/0!,645,38,67
48329,#DIV/0!,13.601,37,65
48331,#DIV/0!,108,48,43
48333,#DIV/0!,126,33,06
48335,#DIV/0!,30.612,37,89
48337,#DIV/0!,206,31,59
48339,#DIV/0!,0,.
48341,#DIV/0!,16.293,36,23
48343,#DIV/0!,0,.
48345,#DIV/0!,28.987,35,27
48347,#DIV/0!,0,.
48349,#DIV/0!,1.211,42,16
48351,#DIV/0!,0,.
48353,#DIV/0!,13.415,34,68
48355,#DIV/0!,353,57,90
48357,#DIV/0!,29.970,34,73
48359,#DIV/0!,24.892,33,78
48361,#DIV/0!,0,.
48363,#DIV/0!,0,.
48365,#DIV/0!,214,33,97
48367,#DIV/0!,0,.
48369,#DIV/0!,83.782,40,08
48371,#DIV/0!,11.314,29,62
48373,#DIV/0!,0,.
48375,#DIV/0!,5.427,37,12
48377,#DIV/0!,3.442,27,61
48379,#DIV/0!,0,.
48381,#DIV/0!,63.925,33,41
48383,#DIV/0!,1.088,33,06
48385,#DIV/0!,46,52,08
48387,#DIV/0!,6.789,43,71
48389,#DIV/0!,16.445,32,75
48391,#DIV/0!,0,.
48393,#DIV/0!,6.643,40,18
48395,#DIV/0!,0,.
48397,#DIV/0!,0,.
48399,#DIV/0!,14.107,32,26
48401,#DIV/0!,293,38,00
48403,#DIV/0!,0,.
48405,#DIV/0!,0,.
48407,#DIV/0!,0,.
48409,#DIV/0!,49,51,20
48411,#DIV/0!,9,36,00
48413,#DIV/0!,1.224,34,00
48415,#DIV/0!,28.896,35,29
48417,#DIV/0!,1.178,33,99
48419,#DIV/0!,0,.
48421,#DIV/0!,71.310,32,71
48423,#DIV/0!,64,18,51
48425,#DIV/0!,0,.
48427,#DIV/0!,24.497,45,03
48429,#DIV/0!,96,34,53
48431,#DIV/0!,0,.
48433,#DIV/0!,19.750,35,95
48435,#DIV/0!,172,31,08
48437,#DIV/0!,110.442,38,26
48439,#DIV/0!,0,.
48441,#DIV/0!,7.516,30,43
48443,#DIV/0!,304,31,26
48445,#DIV/0!,99.988,36,85
48447,#DIV/0!,678,35,30
48449,#DIV/0!,0,.
48451,#DIV/0!,2.955,37,56
48453,#DIV/0!,0,.
48455,#DIV/0!,635,27,51
48457,#DIV/0!,0,.
48459,#DIV/0!,0,.
48461,#DIV/0!,206,30,64
48463,#DIV/0!,2.563,40,19
48465,#DIV/0!,849,29,56
48467,#DIV/0!,0,.
48469,#DIV/0!,166,51,56
48471,#DIV/0!,0,.
48473,#DIV/0!,0,.
48475,#DIV/0!,1.078,28,43
48477,#DIV/0!,120,48,65
48479,#DIV/0!,0,.
48481,#DIV/0!,13,55,60
48483,#DIV/0!,23.689,34,11
48485,#DIV/0!,69,47,20
48487,#DIV/0!,7.211,28,89
48489,#DIV/0!,6.124,45,59
48491,#DIV/0!,884,52,99
48493,#DIV/0!,0,.
48495,#DIV/0!,0,.
48497,#DIV/0!,0,.
48499,#DIV/0!,0,.
48501,#DIV/0!,63.738,34,09
48503,#DIV/0!,293,39,06
48505,#DIV/0!,0,.
48507,#DIV/0!,2.259,34,81
49001,#DIV/0!,0,.
49003,#DIV/0!,67.521,34,29
49005,#DIV/0!,10.603,37,00
49007,#DIV/0!,0,.
49009,#DIV/0!,0,.
49011,#DIV/0!,0,.
49013,#DIV/0!,0,.
49015,#DIV/0!,0,.
49017,#DIV/0!,0,.
49019,#DIV/0!,0,.
49021,#DIV/0!,0,.
49023,#DIV/0!,16.346,31,83
49025,#DIV/0!,0,.
49027,#DIV/0!,9.764,26,13
49029,#DIV/0!,102,37,64
49031,#DIV/0!,0,.
49033,#DIV/0!,14.586,29,60
49035,#DIV/0!,0,.
49037,#DIV/0!,33.799,26,38
49039,#DIV/0!,0,.
49041,#DIV/0!,0,.
49043,#DIV/0!,27,45,00
49045,#DIV/0!,209,18,70
49047,#DIV/0!,1.899,33,57
49049,#DIV/0!,15.310,53,76
49051,#DIV/0!,0,.
49053,#DIV/0!,691,29,14
49055,#DIV/0!,0,.
49057,#DIV/0!,0,.
50001,#DIV/0!,1.224,86,95
50003,#DIV/0!,54,83,92
50005,#DIV/0!,37,85,62
50007,#DIV/0!,119,134,75
50009,#DIV/0!,54,83,75
50011,#DIV/0!,562,124,83
50013,#DIV/0!,0,.
50015,#DIV/0!,82,121,63
50017,#DIV/0!,113,109,95
50019,#DIV/0!,185,149,52
50021,#DIV/0!,390,99,98
50023,#DIV/0!,17,115,97
50025,#DIV/0!,42,165,93
50027,#DIV/0!,3,74,38
51001,#DIV/0!,787,83,17
51003,#DIV/0!,673,66,82
51005,#DIV/0!,51,78,46
51007,#DIV/0!,3.303,42,30
51009,#DIV/0!,170,76,57
51011,#DIV/0!,292,64,15
51013,#DIV/0!,0,.
51015,#DIV/0!,2.573,82,14
51017,#DIV/0!,384,76,37
51019,#DIV/0!,1.148,71,41
51021,#DIV/0!,102,55,97
51023,#DIV/0!,221,84,71
51025,#DIV/0!,2.355,46,96
51027,#DIV/0!,0,54,20
51029,#DIV/0!,543,47,14
51031,#DIV/0!,1.270,39,67
51033,#DIV/0!,308,61,64
51035,#DIV/0!,412,76,98
51036,#DIV/0!,61,67,49
51037,#DIV/0!,412,36,66
51041,#DIV/0!,17,54,73
51043,#DIV/0!,153,70,85
51045,#DIV/0!,127,79,90
51047,#DIV/0!,938,78,94
51049,#DIV/0!,421,59,58
51051,#DIV/0!,2,53,22
51053,#DIV/0!,1.670,50,91
51057,#DIV/0!,692,65,35
51059,#DIV/0!,0,.
51061,#DIV/0!,889,66,62
51063,#DIV/0!,20,78,02
51065,#DIV/0!,182,59,59
51067,#DIV/0!,101,67,09
51069,#DIV/0!,132,80,24
51071,#DIV/0!,15,31,46
51073,#DIV/0!,21,45,46
51075,#DIV/0!,127,79,37
51077,#DIV/0!,308,80,14
51079,#DIV/0!,302,71,12
51081,#DIV/0!,2.282,74,24
51083,#DIV/0!,3.254,61,24
51085,#DIV/0!,325,79,59
51087,#DIV/0!,0,.
51089,#DIV/0!,25,60,93
51091,#DIV/0!,570,79,37
51093,#DIV/0!,314,79,28
51095,#DIV/0!,59,56,36
51097,#DIV/0!,688,62,54
51099,#DIV/0!,869,66,64
51101,#DIV/0!,114,74,92
51103,#DIV/0!,144,62,86
51105,#DIV/0!,84,72,40
51107,#DIV/0!,49,84,09
51109,#DIV/0!,646,64,46
51111,#DIV/0!,638,36,95
51113,#DIV/0!,606,69,80
51115,#DIV/0!,18,56,64
51117,#DIV/0!,1.010,31,36
51119,#DIV/0!,90,49,07
51121,#DIV/0!,75,78,24
51125,#DIV/0!,285,69,65
51127,#DIV/0!,47,72,77
51131,#DIV/0!,167,83,60
51133,#DIV/0!,106,66,61
51135,#DIV/0!,805,42,19
51137,#DIV/0!,374,80,75
51139,#DIV/0!,317,83,83
51141,#DIV/0!,136,80,90
51143,#DIV/0!,1.748,41,52
51145,#DIV/0!,407,41,28
51147,#DIV/0!,2.239,51,09
51149,#DIV/0!,750,52,99
51153,#DIV/0!,85,77,14
51155,#DIV/0!,19,80,43
51157,#DIV/0!,579,82,63
51159,#DIV/0!,159,77,36
51161,#DIV/0!,2,86,40
51163,#DIV/0!,563,75,50
51165,#DIV/0!,1.256,89,24
51167,#DIV/0!,883,77,48
51169,#DIV/0!,112,82,26
51171,#DIV/0!,397,86,43
51173,#DIV/0!,401,78,14
51175,#DIV/0!,2.899,77,54
51177,#DIV/0!,351,59,15
51179,#DIV/0!,161,48,75
51181,#DIV/0!,82,48,13
51183,#DIV/0!,660,62,81
51185,#DIV/0!,512,64,97
51187,#DIV/0!,26,77,60
51191,#DIV/0!,615,77,51
51193,#DIV/0!,313,82,04
51195,#DIV/0!,0,.
51197,#DIV/0!,297,81,76
51199,#DIV/0!,0,.
51510,#DIV/0!,0,.
51515,#DIV/0!,0,.
51520,#DIV/0!,0,.
51530,#DIV/0!,0,.
51540,#DIV/0!,0,.
51550,#DIV/0!,268,86,01
51560,#DIV/0!,0,.
51570,#DIV/0!,0,.
51580,#DIV/0!,0,.
51590,#DIV/0!,0,.
51595,#DIV/0!,0,.
51600,#DIV/0!,0,.
51610,#DIV/0!,0,.
51620,#DIV/0!,0,.
51630,#DIV/0!,0,.
51640,#DIV/0!,0,.
51650,#DIV/0!,0,.
51660,#DIV/0!,0,.
51670,#DIV/0!,0,.
51678,#DIV/0!,0,.
51680,#DIV/0!,0,.
51683,#DIV/0!,0,.
51685,#DIV/0!,0,.
51690,#DIV/0!,0,.
51700,#DIV/0!,0,.
51710,#DIV/0!,0,.
51720,#DIV/0!,0,.
51730,#DIV/0!,0,.
51735,#DIV/0!,0,.
51740,#DIV/0!,0,.
51750,#DIV/0!,0,.
51760,#DIV/0!,0,.
51770,#DIV/0!,0,.
51775,#DIV/0!,0,.
51780,#DIV/0!,0,.
51790,#DIV/0!,0,.
51800,#DIV/0!,308,81,23
51810,#DIV/0!,31,72,77
51820,#DIV/0!,0,.
51830,#DIV/0!,0,.
51840,#DIV/0!,0,.
53001,#DIV/0!,144.337,51,27
53003,#DIV/0!,21.891,53,18
53005,#DIV/0!,92.627,44,84
53007,#DIV/0!,509,41,04
53009,#DIV/0!,115,193,02
53011,#DIV/0!,125,185,52
53013,#DIV/0!,34.201,71,16
53015,#DIV/0!,21,152,95
53017,#DIV/0!,185.099,50,16
53019,#DIV/0!,540,55,45
53021,#DIV/0!,86.093,55,94
53023,#DIV/0!,31.173,68,35
53025,#DIV/0!,68.484,58,66
53027,#DIV/0!,141,220,98
53029,#DIV/0!,3,189,48
53031,#DIV/0!,179,232,56
53033,#DIV/0!,62,362,38
53035,#DIV/0!,19,253,54
53037,#DIV/0!,3.806,46,08
53039,#DIV/0!,45.238,48,98
53041,#DIV/0!,881,262,29
53043,#DIV/0!,151.330,56,68
53045,#DIV/0!,187,203,33
53047,#DIV/0!,2.969,61,33
53049,#DIV/0!,187,213,08
53051,#DIV/0!,0,.
53053,#DIV/0!,1,351,00
53055,#DIV/0!,0,.
53057,#DIV/0!,608,416,08
53059,#DIV/0!,0,.
53061,#DIV/0!,311,318,26
53063,#DIV/0!,25.677,68,61
53065,#DIV/0!,866,65,21
53067,#DIV/0!,43,234,05
53069,#DIV/0!,253,265,03
53071,#DIV/0!,143.716,61,25
53073,#DIV/0!,2.589,466,46
53075,#DIV/0!,131.914,77,87
53077,#DIV/0!,47.160,41,79
54001,#DIV/0!,0,.
54003,#DIV/0!,252,75,28
54005,#DIV/0!,15,58,00
54007,#DIV/0!,13,64,90
54009,#DIV/0!,0,.
54011,#DIV/0!,6,73,00
54013,#DIV/0!,11,63,00
54015,#DIV/0!,40,64,90
54017,#DIV/0!,8,66,00
54019,#DIV/0!,26,65,00
54021,#DIV/0!,39,65,19
54023,#DIV/0!,1.561,76,36
54025,#DIV/0!,744,70,18
54027,#DIV/0!,1.870,78,07
54029,#DIV/0!,0,.
54031,#DIV/0!,287,95,75
54033,#DIV/0!,51,66,00
54035,#DIV/0!,3,109,94
54037,#DIV/0!,107,95,33
54039,#DIV/0!,18,70,19
54041,#DIV/0!,3,66,00
54043,#DIV/0!,13,70,13
54045,#DIV/0!,0,.
54047,#DIV/0!,0,.
54049,#DIV/0!,0,.
54051,#DIV/0!,0,.
54053,#DIV/0!,528,123,08
54055,#DIV/0!,17,72,38
54057,#DIV/0!,5,79,85
54059,#DIV/0!,0,.
54061,#DIV/0!,2,99,63
54063,#DIV/0!,69,70,50
54065,#DIV/0!,63,57,99
54067,#DIV/0!,116,49,35
54069,#DIV/0!,0,.
54071,#DIV/0!,112,75,18
54073,#DIV/0!,0,.
54075,#DIV/0!,229,62,91
54077,#DIV/0!,90,43,93
54079,#DIV/0!,153,73,51
54081,#DIV/0!,0,.
54083,#DIV/0!,39,71,83
54085,#DIV/0!,0,.
54087,#DIV/0!,0,.
54089,#DIV/0!,0,.
54091,#DIV/0!,0,.
54093,#DIV/0!,0,.
54095,#DIV/0!,47,73,37
54097,#DIV/0!,7,63,00
54099,#DIV/0!,0,.
54101,#DIV/0!,19,43,00
54103,#DIV/0!,0,.
54105,#DIV/0!,0,.
54107,#DIV/0!,4,69,00
54109,#DIV/0!,0,.
55001,#DIV/0!,414,68,22
55003,#DIV/0!,33,45,00
55005,#DIV/0!,1.493,55,88
55007,#DIV/0!,99,42,30
55009,#DIV/0!,985,90,59
55011,#DIV/0!,5.575,93,57
55013,#DIV/0!,10,44,79
55015,#DIV/0!,691,94,88
55017,#DIV/0!,4.410,84,64
55019,#DIV/0!,513,56,05
55021,#DIV/0!,3.794,113,37
55023,#DIV/0!,4.811,97,85
55025,#DIV/0!,15.668,122,48
55027,#DIV/0!,5.166,118,11
55029,#DIV/0!,2.661,54,02
55031,#DIV/0!,0,.
55033,#DIV/0!,4.252,79,42
55035,#DIV/0!,10.001,85,70
55037,#DIV/0!,16,25,00
55039,#DIV/0!,4.720,98,79
55041,#DIV/0!,0,.
55043,#DIV/0!,23.961,183,61
55045,#DIV/0!,10.325,130,57
55047,#DIV/0!,1.807,94,76
55049,#DIV/0!,23.683,142,58
55051,#DIV/0!,0,.
55053,#DIV/0!,2.615,135,47
55055,#DIV/0!,2.341,118,10
55057,#DIV/0!,2.854,93,27
55059,#DIV/0!,720,127,09
55061,#DIV/0!,1.813,77,36
55063,#DIV/0!,2.358,114,24
55065,#DIV/0!,15.793,159,62
55067,#DIV/0!,113,46,39
55069,#DIV/0!,19,40,00
55071,#DIV/0!,3.582,86,61
55073,#DIV/0!,929,56,96
55075,#DIV/0!,38,57,58
55077,#DIV/0!,1.147,51,31
55078,#DIV/0!,0,.
55079,#DIV/0!,159,96,87
55081,#DIV/0!,4.061,90,48
55083,#DIV/0!,344,56,86
55085,#DIV/0!,0,.
55087,#DIV/0!,1.792,89,84
55089,#DIV/0!,894,74,49
55091,#DIV/0!,2.276,105,46
55093,#DIV/0!,4.325,87,24
55095,#DIV/0!,3.128,53,86
55097,#DIV/0!,1.207,59,98
55099,#DIV/0!,3,42,60
55101,#DIV/0!,1.232,127,55
55103,#DIV/0!,7.666,94,76
55105,#DIV/0!,9.715,143,78
55107,#DIV/0!,93,41,57
55109,#DIV/0!,7.751,75,11
55111,#DIV/0!,6.312,114,76
55113,#DIV/0!,0,.
55115,#DIV/0!,1.308,61,83
55117,#DIV/0!,817,72,44
55119,#DIV/0!,327,46,03
55121,#DIV/0!,9.353,113,20
55123,#DIV/0!,2.773,94,97
55125,#DIV/0!,0,.
55127,#DIV/0!,2.819,141,47
55129,#DIV/0!,12,51,28
55131,#DIV/0!,756,72,43
55133,#DIV/0!,874,94,12
55135,#DIV/0!,2.589,77,14
55137,#DIV/0!,470,63,55
55139,#DIV/0!,4.330,87,68
55141,#DIV/0!,1.508,71,50
56001,#DIV/0!,63,53,40
56003,#DIV/0!,232,47,64
56005,#DIV/0!,12.152,23,80
56007,#DIV/0!,81,53,00
56009,#DIV/0!,3.550,21,41
56011,#DIV/0!,1.168,46,16
56013,#DIV/0!,51,40,36
56015,#DIV/0!,74.485,25,88
56017,#DIV/0!,847,45,03
56019,#DIV/0!,102,42,09
56021,#DIV/0!,39.761,27,87
56023,#DIV/0!,1.680,44,51
56025,#DIV/0!,44,42,00
56027,#DIV/0!,9.670,26,62
56029,#DIV/0!,242,53,80
56031,#DIV/0!,40.364,25,08
56033,#DIV/0!,2.265,24,98
56035,#DIV/0!,11,46,90
56037,#DIV/0!,0,.
56039,#DIV/0!,0,.
56041,#DIV/0!,24,46,78
56043,#DIV/0!,474,46,46
56045,#DIV/0!,1.071,40,80
72999,#DIV/0!,943,66,59