<?xml version="1.0" encoding="UTF-8"?>
<metadata xml:lang="en"><Esri><CreaDate>20200121</CreaDate><CreaTime>09552300</CreaTime><ArcGISFormat>1.0</ArcGISFormat><ArcGISstyle>FGDC CSDGM Metadata</ArcGISstyle><SyncOnce>FALSE</SyncOnce><DataProperties><lineage><Process ToolSource="c:\program files (x86)\arcgis\desktop10.6\ArcToolbox\Toolboxes\Data Management Tools.tbx\CreateFeatureclass" Date="20190912" Time="142004">CreateFeatureclass D:\Belize\Caracol\data\data_processing\workshop1_map_processing workshop1_maps_hand_digitizing_points.shp POINT # DISABLED DISABLED "PROJCS['NAD_1983_UTM_Zone_16N',GEOGCS['GCS_North_American_1983',DATUM['D_North_American_1983',SPHEROID['GRS_1980',6378137.0,298.257222101]],PRIMEM['Greenwich',0.0],UNIT['Degree',0.0174532925199433]],PROJECTION['Transverse_Mercator'],PARAMETER['False_Easting',500000.0],PARAMETER['False_Northing',0.0],PARAMETER['Central_Meridian',-87.0],PARAMETER['Scale_Factor',0.9996],PARAMETER['Latitude_Of_Origin',0.0],UNIT['Meter',1.0]];-5120900 -9998100 10000;-100000 10000;-100000 10000;0.001;0.001;0.001;IsHighPrecision" # 0 0 0</Process><Process ToolSource="c:\program files (x86)\arcgis\desktop10.6\ArcToolbox\Toolboxes\Data Management Tools.tbx\Merge" Date="20190913" Time="134924">Merge workshop1_maps_digitizing\workshop1_maps_hand_digitizing_points;workshop1_maps_digitizing\CMCC_workshop1_maps_digitized_from_GEarth D:\Belize\Caracol\data\data_processing\workshop1_map_processing\workshop1_maps_digitizing_hand_GE_merge1.shp "Id "Id" true true false 6 Long 0 6 ,First,#,workshop1_maps_digitizing\workshop1_maps_hand_digitizing_points,Id,-1,-1;type "type" true true false 50 Text 0 0 ,First,#,workshop1_maps_digitizing\workshop1_maps_hand_digitizing_points,type,-1,-1;descript "descript" true true false 100 Text 0 0 ,First,#,workshop1_maps_digitizing\workshop1_maps_hand_digitizing_points,descript,-1,-1;source "source" true true false 50 Text 0 0 ,First,#,workshop1_maps_digitizing\workshop1_maps_hand_digitizing_points,source,-1,-1;asset "asset" true true false 5 Long 0 5 ,First,#,workshop1_maps_digitizing\workshop1_maps_hand_digitizing_points,asset,-1,-1;threat "threat" true true false 5 Long 0 5 ,First,#,workshop1_maps_digitizing\workshop1_maps_hand_digitizing_points,threat,-1,-1;opportun "opportun" true true false 5 Long 0 5 ,First,#,workshop1_maps_digitizing\workshop1_maps_hand_digitizing_points,opportun,-1,-1;Name "Name" true true false 254 Text 0 0 ,First,#,workshop1_maps_digitizing\CMCC_workshop1_maps_digitized_from_GEarth,Name,-1,-1"</Process><Process ToolSource="c:\program files (x86)\arcgis\desktop10.6\ArcToolbox\Toolboxes\Data Management Tools.tbx\CalculateField" Date="20190913" Time="134947">CalculateField workshop1_maps_digitizing_hand_GE_merge1 descript [Name] VB #</Process><Process ToolSource="c:\program files (x86)\arcgis\desktop10.6\ArcToolbox\Toolboxes\Data Management Tools.tbx\CalculateField" Date="20190913" Time="135017">CalculateField workshop1_maps_digitizing_hand_GE_merge1 type attraction VB #</Process><Process ToolSource="c:\program files (x86)\arcgis\desktop10.6\ArcToolbox\Toolboxes\Data Management Tools.tbx\CalculateField" Date="20190913" Time="135035">CalculateField workshop1_maps_digitizing_hand_GE_merge1 type "attraction" VB #</Process><Process ToolSource="c:\program files (x86)\arcgis\desktop10.6\ArcToolbox\Toolboxes\Data Management Tools.tbx\CalculateField" Date="20190913" Time="135054">CalculateField workshop1_maps_digitizing_hand_GE_merge1 source "Google Earth" VB #</Process><Process ToolSource="c:\program files (x86)\arcgis\desktop10.6\ArcToolbox\Toolboxes\Data Management Tools.tbx\CalculateField" Date="20190913" Time="135356">CalculateField workshop1_maps_digitizing\workshop1_maps_digitizing_hand_GE_merge1 type "wind energy potential" VB #</Process><Process ToolSource="c:\program files (x86)\arcgis\desktop10.6\ArcToolbox\Toolboxes\Data Management Tools.tbx\Merge" Date="20190918" Time="194552">Merge workshop1_maps_digitizing\workshop1_maps_digitizing_points_hand_GE_merge1;workshop1_maps_digitizing\maps_digitizing_pieces\digitized_Marcelo\Rio_Frio_Cave;workshop1_maps_digitizing\maps_digitizing_pieces\digitized_Marcelo\Big_Rock;workshop1_maps_digitizing\maps_digitizing_pieces\digitized_Marcelo\Douglas_DSilva;workshop1_maps_digitizing\maps_digitizing_pieces\digitized_Marcelo\Hydro_Dams;workshop1_maps_digitizing\maps_digitizing_pieces\digitized_Marcelo\Pinol_Sands;workshop1_maps_digitizing\maps_digitizing_pieces\digitized_Marcelo\Thousand_Foot_Falls D:\Belize\Caracol\data\workshop1_map_processing\point_features_workshop1.shp "Id "Id" true true false 6 Long 0 6 ,First,#,workshop1_maps_digitizing\workshop1_maps_digitizing_points_hand_GE_merge1,Id,-1,-1;type "type" true true false 50 Text 0 0 ,First,#,workshop1_maps_digitizing\workshop1_maps_digitizing_points_hand_GE_merge1,type,-1,-1,workshop1_maps_digitizing\maps_digitizing_pieces\digitized_Marcelo\Rio_Frio_Cave,Type,-1,-1,workshop1_maps_digitizing\maps_digitizing_pieces\digitized_Marcelo\Big_Rock,Type,-1,-1,workshop1_maps_digitizing\maps_digitizing_pieces\digitized_Marcelo\Douglas_DSilva,Type,-1,-1,workshop1_maps_digitizing\maps_digitizing_pieces\digitized_Marcelo\Hydro_Dams,Type,-1,-1,workshop1_maps_digitizing\maps_digitizing_pieces\digitized_Marcelo\Pinol_Sands,Type,-1,-1,workshop1_maps_digitizing\maps_digitizing_pieces\digitized_Marcelo\Thousand_Foot_Falls,Type,-1,-1;descript "descript" true true false 100 Text 0 0 ,First,#,workshop1_maps_digitizing\workshop1_maps_digitizing_points_hand_GE_merge1,descript,-1,-1,workshop1_maps_digitizing\maps_digitizing_pieces\digitized_Marcelo\Rio_Frio_Cave,Descript,-1,-1,workshop1_maps_digitizing\maps_digitizing_pieces\digitized_Marcelo\Big_Rock,Descript,-1,-1,workshop1_maps_digitizing\maps_digitizing_pieces\digitized_Marcelo\Douglas_DSilva,Descript,-1,-1,workshop1_maps_digitizing\maps_digitizing_pieces\digitized_Marcelo\Hydro_Dams,Descript,-1,-1,workshop1_maps_digitizing\maps_digitizing_pieces\digitized_Marcelo\Pinol_Sands,Descript,-1,-1,workshop1_maps_digitizing\maps_digitizing_pieces\digitized_Marcelo\Thousand_Foot_Falls,Descript,-1,-1;source "source" true true false 50 Text 0 0 ,First,#,workshop1_maps_digitizing\workshop1_maps_digitizing_points_hand_GE_merge1,source,-1,-1,workshop1_maps_digitizing\maps_digitizing_pieces\digitized_Marcelo\Rio_Frio_Cave,Source,-1,-1,workshop1_maps_digitizing\maps_digitizing_pieces\digitized_Marcelo\Big_Rock,Source,-1,-1,workshop1_maps_digitizing\maps_digitizing_pieces\digitized_Marcelo\Douglas_DSilva,Source,-1,-1,workshop1_maps_digitizing\maps_digitizing_pieces\digitized_Marcelo\Hydro_Dams,Source,-1,-1,workshop1_maps_digitizing\maps_digitizing_pieces\digitized_Marcelo\Pinol_Sands,Source,-1,-1,workshop1_maps_digitizing\maps_digitizing_pieces\digitized_Marcelo\Thousand_Foot_Falls,Source,-1,-1;asset "asset" true true false 5 Long 0 5 ,First,#,workshop1_maps_digitizing\workshop1_maps_digitizing_points_hand_GE_merge1,asset,-1,-1,workshop1_maps_digitizing\maps_digitizing_pieces\digitized_Marcelo\Rio_Frio_Cave,Asset,-1,-1,workshop1_maps_digitizing\maps_digitizing_pieces\digitized_Marcelo\Big_Rock,Asset,-1,-1,workshop1_maps_digitizing\maps_digitizing_pieces\digitized_Marcelo\Douglas_DSilva,Asset,-1,-1,workshop1_maps_digitizing\maps_digitizing_pieces\digitized_Marcelo\Hydro_Dams,Asset,-1,-1,workshop1_maps_digitizing\maps_digitizing_pieces\digitized_Marcelo\Pinol_Sands,Asset,-1,-1,workshop1_maps_digitizing\maps_digitizing_pieces\digitized_Marcelo\Thousand_Foot_Falls,Asset,-1,-1;threat "threat" true true false 5 Long 0 5 ,First,#,workshop1_maps_digitizing\workshop1_maps_digitizing_points_hand_GE_merge1,threat,-1,-1,workshop1_maps_digitizing\maps_digitizing_pieces\digitized_Marcelo\Rio_Frio_Cave,Threat,-1,-1,workshop1_maps_digitizing\maps_digitizing_pieces\digitized_Marcelo\Big_Rock,Threat,-1,-1,workshop1_maps_digitizing\maps_digitizing_pieces\digitized_Marcelo\Douglas_DSilva,Threat,-1,-1,workshop1_maps_digitizing\maps_digitizing_pieces\digitized_Marcelo\Hydro_Dams,Threat,-1,-1,workshop1_maps_digitizing\maps_digitizing_pieces\digitized_Marcelo\Pinol_Sands,Threat,-1,-1,workshop1_maps_digitizing\maps_digitizing_pieces\digitized_Marcelo\Thousand_Foot_Falls,Threat,-1,-1;opportun "opportun" true true false 5 Long 0 5 ,First,#,workshop1_maps_digitizing\workshop1_maps_digitizing_points_hand_GE_merge1,opportun,-1,-1,workshop1_maps_digitizing\maps_digitizing_pieces\digitized_Marcelo\Rio_Frio_Cave,Opportun,-1,-1,workshop1_maps_digitizing\maps_digitizing_pieces\digitized_Marcelo\Big_Rock,Opportun,-1,-1,workshop1_maps_digitizing\maps_digitizing_pieces\digitized_Marcelo\Douglas_DSilva,Opportun,-1,-1,workshop1_maps_digitizing\maps_digitizing_pieces\digitized_Marcelo\Hydro_Dams,Opportun,-1,-1,workshop1_maps_digitizing\maps_digitizing_pieces\digitized_Marcelo\Pinol_Sands,Opportun,-1,-1,workshop1_maps_digitizing\maps_digitizing_pieces\digitized_Marcelo\Thousand_Foot_Falls,Opportun,-1,-1;Name "Name" true true false 254 Text 0 0 ,First,#,workshop1_maps_digitizing\maps_digitizing_pieces\digitized_Marcelo\Rio_Frio_Cave,Name,-1,-1,workshop1_maps_digitizing\maps_digitizing_pieces\digitized_Marcelo\Big_Rock,Name,-1,-1,workshop1_maps_digitizing\maps_digitizing_pieces\digitized_Marcelo\Douglas_DSilva,Name,-1,-1,workshop1_maps_digitizing\maps_digitizing_pieces\digitized_Marcelo\Hydro_Dams,Name,-1,-1,workshop1_maps_digitizing\maps_digitizing_pieces\digitized_Marcelo\Pinol_Sands,Name,-1,-1,workshop1_maps_digitizing\maps_digitizing_pieces\digitized_Marcelo\Thousand_Foot_Falls,Name,-1,-1;Ownership "Ownership" true true false 254 Text 0 0 ,First,#,workshop1_maps_digitizing\maps_digitizing_pieces\digitized_Marcelo\Rio_Frio_Cave,Ownership,-1,-1,workshop1_maps_digitizing\maps_digitizing_pieces\digitized_Marcelo\Big_Rock,Ownership,-1,-1,workshop1_maps_digitizing\maps_digitizing_pieces\digitized_Marcelo\Douglas_DSilva,Ownership,-1,-1,workshop1_maps_digitizing\maps_digitizing_pieces\digitized_Marcelo\Hydro_Dams,Ownership,-1,-1,workshop1_maps_digitizing\maps_digitizing_pieces\digitized_Marcelo\Pinol_Sands,Ownership,-1,-1,workshop1_maps_digitizing\maps_digitizing_pieces\digitized_Marcelo\Thousand_Foot_Falls,Ownership,-1,-1;Management "Management" true true false 254 Text 0 0 ,First,#,workshop1_maps_digitizing\maps_digitizing_pieces\digitized_Marcelo\Rio_Frio_Cave,Management,-1,-1,workshop1_maps_digitizing\maps_digitizing_pieces\digitized_Marcelo\Big_Rock,Management,-1,-1,workshop1_maps_digitizing\maps_digitizing_pieces\digitized_Marcelo\Douglas_DSilva,Management,-1,-1,workshop1_maps_digitizing\maps_digitizing_pieces\digitized_Marcelo\Hydro_Dams,Management,-1,-1,workshop1_maps_digitizing\maps_digitizing_pieces\digitized_Marcelo\Pinol_Sands,Management,-1,-1,workshop1_maps_digitizing\maps_digitizing_pieces\digitized_Marcelo\Thousand_Foot_Falls,Management,-1,-1;Latitude "Latitude" true true false 16 Double 6 15 ,First,#,workshop1_maps_digitizing\maps_digitizing_pieces\digitized_Marcelo\Rio_Frio_Cave,Latitude,-1,-1,workshop1_maps_digitizing\maps_digitizing_pieces\digitized_Marcelo\Big_Rock,Latitude,-1,-1,workshop1_maps_digitizing\maps_digitizing_pieces\digitized_Marcelo\Douglas_DSilva,Latitude,-1,-1,workshop1_maps_digitizing\maps_digitizing_pieces\digitized_Marcelo\Hydro_Dams,Latitude,-1,-1,workshop1_maps_digitizing\maps_digitizing_pieces\digitized_Marcelo\Pinol_Sands,Latitude,-1,-1,workshop1_maps_digitizing\maps_digitizing_pieces\digitized_Marcelo\Thousand_Foot_Falls,Latitude,-1,-1;Longitude "Longitude" true true false 16 Double 6 15 ,First,#,workshop1_maps_digitizing\maps_digitizing_pieces\digitized_Marcelo\Rio_Frio_Cave,Longitude,-1,-1,workshop1_maps_digitizing\maps_digitizing_pieces\digitized_Marcelo\Big_Rock,Longitude,-1,-1,workshop1_maps_digitizing\maps_digitizing_pieces\digitized_Marcelo\Douglas_DSilva,Longitude,-1,-1,workshop1_maps_digitizing\maps_digitizing_pieces\digitized_Marcelo\Hydro_Dams,Longitude,-1,-1,workshop1_maps_digitizing\maps_digitizing_pieces\digitized_Marcelo\Pinol_Sands,Longitude,-1,-1,workshop1_maps_digitizing\maps_digitizing_pieces\digitized_Marcelo\Thousand_Foot_Falls,Longitude,-1,-1"</Process><Process ToolSource="c:\program files (x86)\arcgis\desktop10.6\ArcToolbox\Toolboxes\Data Management Tools.tbx\CalculateField" Date="20190918" Time="195247">CalculateField workshop1_maps_digitizing\point_features_workshop1 type "Tourism" VB #</Process><Process ToolSource="c:\program files (x86)\arcgis\desktop10.6\ArcToolbox\Toolboxes\Data Management Tools.tbx\CalculateField" Date="20190918" Time="195311">CalculateField workshop1_maps_digitizing\point_features_workshop1 type "attraction" VB #</Process><Process ToolSource="c:\program files (x86)\arcgis\desktop10.6\ArcToolbox\Toolboxes\Data Management Tools.tbx\CalculateField" Date="20190918" Time="195322">CalculateField workshop1_maps_digitizing\point_features_workshop1 type "attraction" VB #</Process><Process ToolSource="c:\program files (x86)\arcgis\desktop10.6\ArcToolbox\Toolboxes\Data Management Tools.tbx\CalculateField" Date="20190918" Time="195347">CalculateField workshop1_maps_digitizing\point_features_workshop1 type "attraction" VB #</Process><Process ToolSource="c:\program files (x86)\arcgis\desktop10.6\ArcToolbox\Toolboxes\Data Management Tools.tbx\CalculateField" Date="20190918" Time="195414">CalculateField workshop1_maps_digitizing\point_features_workshop1 type "concession" VB #</Process><Process ToolSource="c:\program files (x86)\arcgis\desktop10.6\ArcToolbox\Toolboxes\Data Management Tools.tbx\CalculateField" Date="20190918" Time="195434">CalculateField workshop1_maps_digitizing\point_features_workshop1 type "dam" VB #</Process><Process ToolSource="c:\program files (x86)\arcgis\desktop10.6\ArcToolbox\Toolboxes\Data Management Tools.tbx\CalculateField" Date="20190918" Time="200148">CalculateField workshop1_maps_digitizing\point_features_workshop1 asset 6 VB #</Process><Process ToolSource="c:\program files (x86)\arcgis\desktop10.6\ArcToolbox\Toolboxes\Data Management Tools.tbx\CalculateField" Date="20190918" Time="200156">CalculateField workshop1_maps_digitizing\point_features_workshop1 opportun 2 VB #</Process><Process ToolSource="c:\program files (x86)\arcgis\desktop10.6\ArcToolbox\Toolboxes\Data Management Tools.tbx\CalculateField" Date="20190919" Time="094811">CalculateField workshop1_maps_digitizing_opportunities\point_features_workshop1 desc_short "El Progresso cave" VB #</Process><Process ToolSource="c:\program files (x86)\arcgis\desktop10.6\ArcToolbox\Toolboxes\Data Management Tools.tbx\CalculateField" Date="20190919" Time="095913">CalculateField workshop1_maps_digitizing_opportunities\point_features_workshop1 descript ""Nohoch Che'en - tourism potentil (VERIFY LOCATION)"" VB #</Process><Process ToolSource="c:\program files (x86)\arcgis\desktop10.6\ArcToolbox\Toolboxes\Data Management Tools.tbx\CalculateField" Date="20190919" Time="095927">CalculateField workshop1_maps_digitizing_opportunities\point_features_workshop1 desc_short ""Nohoch Che'en"" VB #</Process><Process ToolSource="c:\program files (x86)\arcgis\desktop10.6\ArcToolbox\Toolboxes\Data Management Tools.tbx\CalculateField" Date="20190919" Time="155051">CalculateField workshop1_maps_digitizing_opportunities\point_features_workshop1 desc_short "Thousand Foot Falls" VB #</Process></lineage><itemProps><itemName Sync="TRUE">point_features_workshop1</itemName><imsContentType Sync="TRUE">002</imsContentType><itemSize Sync="TRUE">0.000</itemSize><itemLocation><linkage Sync="TRUE">file://\\LAPTOP-29NPL9E4\D$\Belize\Caracol\data\servicesheds\DelineateIt_CMCC_servicesheds\servicesheds_hydro_CMCC\dams</linkage><protocol Sync="TRUE">Local Area Network</protocol></itemLocation></itemProps><coordRef><type Sync="TRUE">Projected</type><geogcsn Sync="TRUE">GCS_North_American_1983</geogcsn><csUnits Sync="TRUE">Linear Unit: Meter (1.000000)</csUnits><projcsn Sync="TRUE">NAD_1983_UTM_Zone_16N</projcsn><peXml Sync="TRUE">&lt;ProjectedCoordinateSystem xsi:type='typens:ProjectedCoordinateSystem' xmlns:xsi='http://www.w3.org/2001/XMLSchema-instance' xmlns:xs='http://www.w3.org/2001/XMLSchema' xmlns:typens='http://www.esri.com/schemas/ArcGIS/10.6'&gt;&lt;WKT&gt;PROJCS[&amp;quot;NAD_1983_UTM_Zone_16N&amp;quot;,GEOGCS[&amp;quot;GCS_North_American_1983&amp;quot;,DATUM[&amp;quot;D_North_American_1983&amp;quot;,SPHEROID[&amp;quot;GRS_1980&amp;quot;,6378137.0,298.257222101]],PRIMEM[&amp;quot;Greenwich&amp;quot;,0.0],UNIT[&amp;quot;Degree&amp;quot;,0.0174532925199433]],PROJECTION[&amp;quot;Transverse_Mercator&amp;quot;],PARAMETER[&amp;quot;False_Easting&amp;quot;,500000.0],PARAMETER[&amp;quot;False_Northing&amp;quot;,0.0],PARAMETER[&amp;quot;Central_Meridian&amp;quot;,-87.0],PARAMETER[&amp;quot;Scale_Factor&amp;quot;,0.9996],PARAMETER[&amp;quot;Latitude_Of_Origin&amp;quot;,0.0],UNIT[&amp;quot;Meter&amp;quot;,1.0],AUTHORITY[&amp;quot;EPSG&amp;quot;,26916]]&lt;/WKT&gt;&lt;XOrigin&gt;-5120900&lt;/XOrigin&gt;&lt;YOrigin&gt;-9998100&lt;/YOrigin&gt;&lt;XYScale&gt;450445547.3910538&lt;/XYScale&gt;&lt;ZOrigin&gt;-100000&lt;/ZOrigin&gt;&lt;ZScale&gt;10000&lt;/ZScale&gt;&lt;MOrigin&gt;-100000&lt;/MOrigin&gt;&lt;MScale&gt;10000&lt;/MScale&gt;&lt;XYTolerance&gt;0.001&lt;/XYTolerance&gt;&lt;ZTolerance&gt;0.001&lt;/ZTolerance&gt;&lt;MTolerance&gt;0.001&lt;/MTolerance&gt;&lt;HighPrecision&gt;true&lt;/HighPrecision&gt;&lt;WKID&gt;26916&lt;/WKID&gt;&lt;LatestWKID&gt;26916&lt;/LatestWKID&gt;&lt;/ProjectedCoordinateSystem&gt;</peXml></coordRef><copyHistory><copy source="D:\Belize\Caracol\data\servicesheds\dams" dest="\\LAPTOP-29NPL9E4\D$\Belize\Caracol\data\servicesheds\DelineateIt_CMCC_servicesheds\servicesheds_hydro_CMCC\dams" date="20200121" time="09552300"></copy></copyHistory></DataProperties><SyncDate>20190918</SyncDate><SyncTime>19455200</SyncTime><ModDate>20190918</ModDate><ModTime>19455200</ModTime></Esri><dataIdInfo><envirDesc Sync="TRUE"> Version 6.2 (Build 9200) ; Esri ArcGIS 10.6.1.9270</envirDesc><dataLang><languageCode value="eng" Sync="TRUE"></languageCode><countryCode value="USA" Sync="TRUE"></countryCode></dataLang><idCitation><resTitle Sync="TRUE">point_features_workshop1</resTitle><presForm><PresFormCd value="005" Sync="TRUE"></PresFormCd></presForm></idCitation><spatRpType><SpatRepTypCd value="001" Sync="TRUE"></SpatRepTypCd></spatRpType></dataIdInfo><mdLang><languageCode value="eng" Sync="TRUE"></languageCode><countryCode value="USA" Sync="TRUE"></countryCode></mdLang><mdChar><CharSetCd value="004" Sync="TRUE"></CharSetCd></mdChar><distInfo><distFormat><formatName Sync="TRUE">Shapefile</formatName></distFormat><distTranOps><transSize Sync="TRUE">0.000</transSize></distTranOps></distInfo><mdHrLv><ScopeCd value="005" Sync="TRUE"></ScopeCd></mdHrLv><mdHrLvName Sync="TRUE">dataset</mdHrLvName><refSysInfo><RefSystem><refSysID><identCode code="26916" Sync="TRUE"></identCode><idCodeSpace Sync="TRUE">EPSG</idCodeSpace><idVersion Sync="TRUE">6.13(3.0.1)</idVersion></refSysID></RefSystem></refSysInfo><spatRepInfo><VectSpatRep><geometObjs Name="point_features_workshop1"><geoObjTyp><GeoObjTypCd value="004" Sync="TRUE"></GeoObjTypCd></geoObjTyp><geoObjCnt Sync="TRUE">0</geoObjCnt></geometObjs><topLvl><TopoLevCd value="001" Sync="TRUE"></TopoLevCd></topLvl></VectSpatRep></spatRepInfo><spdoinfo><ptvctinf><esriterm Name="point_features_workshop1"><efeatyp Sync="TRUE">Simple</efeatyp><efeageom code="1" Sync="TRUE"></efeageom><esritopo Sync="TRUE">FALSE</esritopo><efeacnt Sync="TRUE">0</efeacnt><spindex Sync="TRUE">FALSE</spindex><linrefer Sync="TRUE">TRUE</linrefer></esriterm></ptvctinf></spdoinfo><eainfo><detailed Name="point_features_workshop1"><enttyp><enttypl Sync="TRUE">point_features_workshop1</enttypl><enttypt Sync="TRUE">Feature Class</enttypt><enttypc Sync="TRUE">0</enttypc></enttyp><attr><attrlabl Sync="TRUE">FID</attrlabl><attalias Sync="TRUE">FID</attalias><attrtype Sync="TRUE">OID</attrtype><attwidth Sync="TRUE">4</attwidth><atprecis Sync="TRUE">0</atprecis><attscale Sync="TRUE">0</attscale><attrdef Sync="TRUE">Internal feature number.</attrdef><attrdefs Sync="TRUE">Esri</attrdefs><attrdomv><udom Sync="TRUE">Sequential unique whole numbers that are automatically generated.</udom></attrdomv></attr><attr><attrlabl Sync="TRUE">Shape</attrlabl><attalias Sync="TRUE">Shape</attalias><attrtype Sync="TRUE">Geometry</attrtype><attwidth Sync="TRUE">0</attwidth><atprecis Sync="TRUE">0</atprecis><attscale Sync="TRUE">0</attscale><attrdef Sync="TRUE">Feature geometry.</attrdef><attrdefs Sync="TRUE">Esri</attrdefs><attrdomv><udom Sync="TRUE">Coordinates defining the features.</udom></attrdomv></attr><attr><attrlabl Sync="TRUE">Id</attrlabl><attalias Sync="TRUE">Id</attalias><attrtype Sync="TRUE">Integer</attrtype><attwidth Sync="TRUE">6</attwidth><atprecis Sync="TRUE">6</atprecis><attscale Sync="TRUE">0</attscale></attr><attr><attrlabl Sync="TRUE">type</attrlabl><attalias Sync="TRUE">type</attalias><attrtype Sync="TRUE">String</attrtype><attwidth Sync="TRUE">50</attwidth><atprecis Sync="TRUE">0</atprecis><attscale Sync="TRUE">0</attscale></attr><attr><attrlabl Sync="TRUE">descript</attrlabl><attalias Sync="TRUE">descript</attalias><attrtype Sync="TRUE">String</attrtype><attwidth Sync="TRUE">100</attwidth><atprecis Sync="TRUE">0</atprecis><attscale Sync="TRUE">0</attscale></attr><attr><attrlabl Sync="TRUE">source</attrlabl><attalias Sync="TRUE">source</attalias><attrtype Sync="TRUE">String</attrtype><attwidth Sync="TRUE">50</attwidth><atprecis Sync="TRUE">0</atprecis><attscale Sync="TRUE">0</attscale></attr><attr><attrlabl Sync="TRUE">asset</attrlabl><attalias Sync="TRUE">asset</attalias><attrtype Sync="TRUE">Integer</attrtype><attwidth Sync="TRUE">5</attwidth><atprecis Sync="TRUE">5</atprecis><attscale Sync="TRUE">0</attscale></attr><attr><attrlabl Sync="TRUE">threat</attrlabl><attalias Sync="TRUE">threat</attalias><attrtype Sync="TRUE">Integer</attrtype><attwidth Sync="TRUE">5</attwidth><atprecis Sync="TRUE">5</atprecis><attscale Sync="TRUE">0</attscale></attr><attr><attrlabl Sync="TRUE">opportun</attrlabl><attalias Sync="TRUE">opportun</attalias><attrtype Sync="TRUE">Integer</attrtype><attwidth Sync="TRUE">5</attwidth><atprecis Sync="TRUE">5</atprecis><attscale Sync="TRUE">0</attscale></attr><attr><attrlabl Sync="TRUE">Name</attrlabl><attalias Sync="TRUE">Name</attalias><attrtype Sync="TRUE">String</attrtype><attwidth Sync="TRUE">254</attwidth><atprecis Sync="TRUE">0</atprecis><attscale Sync="TRUE">0</attscale></attr><attr><attrlabl Sync="TRUE">Ownership</attrlabl><attalias Sync="TRUE">Ownership</attalias><attrtype Sync="TRUE">String</attrtype><attwidth Sync="TRUE">254</attwidth><atprecis Sync="TRUE">0</atprecis><attscale Sync="TRUE">0</attscale></attr><attr><attrlabl Sync="TRUE">Management</attrlabl><attalias Sync="TRUE">Management</attalias><attrtype Sync="TRUE">String</attrtype><attwidth Sync="TRUE">254</attwidth><atprecis Sync="TRUE">0</atprecis><attscale Sync="TRUE">0</attscale></attr><attr><attrlabl Sync="TRUE">Latitude</attrlabl><attalias Sync="TRUE">Latitude</attalias><attrtype Sync="TRUE">Double</attrtype><attwidth Sync="TRUE">16</attwidth><atprecis Sync="TRUE">15</atprecis><attscale Sync="TRUE">6</attscale></attr><attr><attrlabl Sync="TRUE">Longitude</attrlabl><attalias Sync="TRUE">Longitude</attalias><attrtype Sync="TRUE">Double</attrtype><attwidth Sync="TRUE">16</attwidth><atprecis Sync="TRUE">15</atprecis><attscale Sync="TRUE">6</attscale></attr></detailed></eainfo><mdDateSt Sync="TRUE">20190918</mdDateSt></metadata>
